###"arc_length","fluxdis11","fluxdis15","fluxdis19","fluxdis23","fluxdis27","fluxdis7"
0,3.40917e+10,5.01453e+10,5.61893e+10,9.00068e+10,7.96443e+10,3.43287e+10
0.32489,3.7968e+10,5.69223e+10,6.50639e+10,1.00284e+11,8.74856e+10,3.46668e+10
0.649796,4.19246e+10,6.3767e+10,7.39665e+10,1.10579e+11,9.53414e+10,3.50691e+10
0.974701,4.59584e+10,7.06766e+10,8.28957e+10,1.20891e+11,1.03211e+11,3.55332e+10
1.29959,5.00663e+10,7.76484e+10,9.18501e+10,1.31219e+11,1.11093e+11,3.60568e+10
1.6245,5.42462e+10,8.46809e+10,1.0083e+11,1.41563e+11,1.18989e+11,3.66379e+10
1.9494,5.84953e+10,9.17715e+10,1.09833e+11,1.51922e+11,1.26896e+11,3.72743e+10
2.27429,6.28109e+10,9.8918e+10,1.18859e+11,1.62295e+11,1.34816e+11,3.79642e+10
2.5992,6.71912e+10,1.06119e+11,1.27907e+11,1.72683e+11,1.42747e+11,3.87057e+10
2.9241,7.16338e+10,1.13372e+11,1.36977e+11,1.83084e+11,1.50689e+11,3.94971e+10
3.24899,7.61363e+10,1.20676e+11,1.46067e+11,1.93499e+11,1.58641e+11,4.03366e+10
3.5739,8.06972e+10,1.28029e+11,1.55177e+11,2.03926e+11,1.66604e+11,4.12228e+10
3.8988,8.53144e+10,1.35429e+11,1.64307e+11,2.14366e+11,1.74577e+11,4.21539e+10
4.22369,8.99857e+10,1.42875e+11,1.73456e+11,2.24817e+11,1.82559e+11,4.31286e+10
4.5486,9.471e+10,1.50365e+11,1.82622e+11,2.35281e+11,1.90551e+11,4.41455e+10
4.87349,9.94849e+10,1.57898e+11,1.91806e+11,2.45754e+11,1.98552e+11,4.52031e+10
5.19839,1.04309e+11,1.65472e+11,2.01007e+11,2.5624e+11,2.06562e+11,4.63004e+10
5.5233,1.09182e+11,1.73087e+11,2.10225e+11,2.66736e+11,2.1458e+11,4.74359e+10
5.84819,1.141e+11,1.8074e+11,2.19458e+11,2.77241e+11,2.22606e+11,4.86084e+10
6.1731,1.19064e+11,1.88432e+11,2.28708e+11,2.87757e+11,2.3064e+11,4.9817e+10
6.498,1.24071e+11,1.9616e+11,2.37972e+11,2.98282e+11,2.38683e+11,5.10604e+10
6.82289,1.2912e+11,2.03924e+11,2.4725e+11,3.08816e+11,2.46732e+11,5.23376e+10
7.1478,1.34211e+11,2.11722e+11,2.56543e+11,3.1936e+11,2.54789e+11,5.36477e+10
7.4727,1.39341e+11,2.19553e+11,2.65849e+11,3.29912e+11,2.62853e+11,5.49896e+10
7.79759,1.4451e+11,2.27417e+11,2.75168e+11,3.40472e+11,2.70923e+11,5.63624e+10
8.1225,1.49716e+11,2.35313e+11,2.84501e+11,3.51041e+11,2.79001e+11,5.77653e+10
8.4474,1.54959e+11,2.43239e+11,2.93846e+11,3.61618e+11,2.87085e+11,5.91974e+10
8.77229,1.60276e+11,2.51814e+11,3.04471e+11,3.73779e+11,2.96374e+11,6.02279e+10
9.0972,1.65722e+11,2.6083e+11,3.15853e+11,3.8686e+11,3.06364e+11,6.10998e+10
9.4221,1.71297e+11,2.70031e+11,3.27444e+11,4.00175e+11,3.16532e+11,6.20146e+10
9.74699,1.77004e+11,2.79421e+11,3.39248e+11,4.13728e+11,3.26883e+11,6.29736e+10
10.0719,1.82847e+11,2.89007e+11,3.51273e+11,4.27529e+11,3.37423e+11,6.39783e+10
10.3968,1.88831e+11,2.98794e+11,3.63524e+11,4.41583e+11,3.48157e+11,6.50298e+10
10.7217,1.9496e+11,3.0879e+11,3.7601e+11,4.559e+11,3.59092e+11,6.61298e+10
11.0466,2.01238e+11,3.18999e+11,3.88737e+11,4.70487e+11,3.70233e+11,6.72797e+10
11.3715,2.0767e+11,3.29429e+11,4.01712e+11,4.85351e+11,3.81587e+11,6.84809e+10
11.6964,2.1426e+11,3.40086e+11,4.14944e+11,5.00504e+11,3.93161e+11,6.97351e+10
12.0213,2.21015e+11,3.50979e+11,4.28441e+11,5.15952e+11,4.04962e+11,7.10441e+10
12.3462,2.27938e+11,3.62113e+11,4.4221e+11,5.31706e+11,4.16996e+11,7.24095e+10
12.6711,2.35035e+11,3.73498e+11,4.56262e+11,5.47776e+11,4.29272e+11,7.38332e+10
12.996,2.42313e+11,3.85141e+11,4.70605e+11,5.64172e+11,4.41797e+11,7.53172e+10
13.3209,2.49777e+11,3.97051e+11,4.85248e+11,5.80904e+11,4.54579e+11,7.68632e+10
13.6458,2.57433e+11,4.09237e+11,5.00203e+11,5.97985e+11,4.67628e+11,7.84736e+10
13.9707,2.65288e+11,4.21708e+11,5.15479e+11,6.15426e+11,4.80952e+11,8.01505e+10
14.2956,2.73349e+11,4.34474e+11,5.31087e+11,6.33238e+11,4.9456e+11,8.1896e+10
14.6205,2.81622e+11,4.47545e+11,5.47039e+11,6.51436e+11,5.08464e+11,8.37126e+10
14.9454,2.90116e+11,4.60933e+11,5.63348e+11,6.70033e+11,5.22672e+11,8.56029e+10
15.2703,2.98838e+11,4.74646e+11,5.80024e+11,6.89041e+11,5.37195e+11,8.75694e+10
15.5952,3.07796e+11,4.887e+11,5.97083e+11,7.08478e+11,5.52046e+11,8.96148e+10
15.9201,3.16998e+11,5.03104e+11,6.14537e+11,7.28357e+11,5.67235e+11,9.1742e+10
16.245,3.26455e+11,5.17872e+11,6.32401e+11,7.48696e+11,5.82776e+11,9.39541e+10
16.5699,3.36175e+11,5.33018e+11,6.50692e+11,7.69512e+11,5.98681e+11,9.62542e+10
16.8948,3.46168e+11,5.48556e+11,6.69423e+11,7.90821e+11,6.14964e+11,9.86454e+10
17.2197,3.9111e+11,5.99299e+11,7.21515e+11,8.43712e+11,6.49591e+11,1.25146e+11
17.5446,4.95743e+11,7.09463e+11,8.29556e+11,9.4908e+11,7.14361e+11,1.93784e+11
17.8695,6.00612e+11,8.191e+11,9.36738e+11,1.0531e+12,7.78054e+11,2.63747e+11
18.1944,7.05718e+11,9.28238e+11,1.0431e+12,1.15582e+12,8.40716e+11,3.34994e+11
18.5193,8.11048e+11,1.03689e+12,1.14867e+12,1.2573e+12,9.02381e+11,4.07476e+11
18.8442,9.16588e+11,1.14507e+12,1.25347e+12,1.35756e+12,9.6308e+11,4.81145e+11
19.1691,1.02234e+12,1.25281e+12,1.35754e+12,1.45666e+12,1.02285e+12,5.55966e+11
19.494,1.1283e+12,1.3601e+12,1.46089e+12,1.55465e+12,1.08173e+12,6.31896e+11
19.8189,1.23444e+12,1.46698e+12,1.56356e+12,1.65154e+12,1.13974e+12,7.08893e+11
20.1438,1.34078e+12,1.57345e+12,1.66556e+12,1.74739e+12,1.19692e+12,7.86928e+11
20.4687,1.4473e+12,1.67952e+12,1.76692e+12,1.84222e+12,1.25329e+12,8.65963e+11
20.7936,1.55399e+12,1.78522e+12,1.86765e+12,1.93608e+12,1.30888e+12,9.4596e+11
21.1185,1.66085e+12,1.89055e+12,1.96779e+12,2.02899e+12,1.36371e+12,1.0269e+12
21.4434,1.76787e+12,1.99552e+12,2.06734e+12,2.12098e+12,1.41781e+12,1.10873e+12
21.7683,1.87506e+12,2.10015e+12,2.16633e+12,2.21209e+12,1.47121e+12,1.19145e+12
22.0932,1.98239e+12,2.20445e+12,2.26478e+12,2.30234e+12,1.52392e+12,1.27501e+12
22.4181,2.08988e+12,2.30842e+12,2.3627e+12,2.39176e+12,1.57597e+12,1.35939e+12
22.743,2.19751e+12,2.41208e+12,2.46011e+12,2.48037e+12,1.62738e+12,1.44457e+12
23.0679,2.30528e+12,2.51544e+12,2.55702e+12,2.5682e+12,1.67816e+12,1.53052e+12
23.3928,2.41318e+12,2.6185e+12,2.65345e+12,2.65528e+12,1.72834e+12,1.61721e+12
23.7177,2.52122e+12,2.72128e+12,2.74942e+12,2.74162e+12,1.77793e+12,1.70463e+12
24.0426,2.62939e+12,2.82379e+12,2.84494e+12,2.82725e+12,1.82696e+12,1.79276e+12
24.3675,2.73767e+12,2.92602e+12,2.94002e+12,2.91219e+12,1.87543e+12,1.88156e+12
24.6924,2.84608e+12,3.028e+12,3.03467e+12,2.99646e+12,1.92338e+12,1.97103e+12
25.0173,2.95461e+12,3.12972e+12,3.12891e+12,3.08007e+12,1.9708e+12,2.06114e+12
25.3422,3.06325e+12,3.2312e+12,3.22275e+12,3.16306e+12,2.01771e+12,2.15187e+12
25.6671,3.17269e+12,3.33344e+12,3.31726e+12,3.24665e+12,2.06492e+12,2.24314e+12
25.992,3.29587e+12,3.45462e+12,3.43156e+12,3.35268e+12,2.1263e+12,2.33451e+12
26.3169,3.42133e+12,3.57771e+12,3.54752e+12,3.46001e+12,2.18828e+12,2.42805e+12
26.6418,3.54915e+12,3.70279e+12,3.66519e+12,3.56868e+12,2.25091e+12,2.52384e+12
26.9667,3.67938e+12,3.82991e+12,3.78462e+12,3.67874e+12,2.31419e+12,2.62193e+12
27.2916,3.81212e+12,3.95913e+12,3.90586e+12,3.79022e+12,2.37815e+12,2.7224e+12
27.6165,3.94743e+12,4.09051e+12,4.02898e+12,3.90316e+12,2.4428e+12,2.82532e+12
27.9414,4.08539e+12,4.22412e+12,4.15401e+12,4.01762e+12,2.50817e+12,2.93075e+12
28.2663,4.22608e+12,4.36004e+12,4.28103e+12,4.13363e+12,2.57427e+12,3.03879e+12
28.5912,4.3696e+12,4.49832e+12,4.4101e+12,4.25125e+12,2.64114e+12,3.14951e+12
28.9161,4.51601e+12,4.63904e+12,4.54127e+12,4.37053e+12,2.7088e+12,3.26298e+12
29.241,4.66542e+12,4.78229e+12,4.67463e+12,4.49152e+12,2.77726e+12,3.37932e+12
29.5659,4.81794e+12,4.92815e+12,4.81023e+12,4.61427e+12,2.84656e+12,3.4986e+12
29.8908,4.97364e+12,5.07669e+12,4.94815e+12,4.73884e+12,2.91673e+12,3.62092e+12
30.2157,5.13265e+12,5.22801e+12,5.08847e+12,4.8653e+12,2.98779e+12,3.74638e+12
30.5406,5.29507e+12,5.3822e+12,5.23127e+12,4.9937e+12,3.05977e+12,3.87509e+12
30.8655,5.46101e+12,5.53935e+12,5.37663e+12,5.12411e+12,3.1327e+12,4.00715e+12
31.1904,5.6306e+12,5.69958e+12,5.52463e+12,5.2566e+12,3.20662e+12,4.14268e+12
31.5153,5.80396e+12,5.86297e+12,5.67538e+12,5.39124e+12,3.28156e+12,4.2818e+12
31.8402,5.98122e+12,6.02965e+12,5.82895e+12,5.52811e+12,3.35755e+12,4.42463e+12
32.1651,6.16252e+12,6.19973e+12,5.98546e+12,5.66728e+12,3.43463e+12,4.5713e+12
32.49,6.348e+12,6.37332e+12,6.14501e+12,5.80882e+12,3.51285e+12,4.72195e+12
32.8149,6.53782e+12,6.55056e+12,6.30771e+12,5.95285e+12,3.59223e+12,4.87673e+12
33.1398,6.73214e+12,6.73158e+12,6.47367e+12,6.09944e+12,3.67284e+12,5.03579e+12
33.4647,6.9311e+12,6.91652e+12,6.643e+12,6.24868e+12,3.7547e+12,5.19927e+12
33.7896,7.13491e+12,7.10553e+12,6.81585e+12,6.40068e+12,3.83786e+12,5.36735e+12
34.1145,7.34373e+12,7.29876e+12,6.99235e+12,6.55554e+12,3.92239e+12,5.54021e+12
34.4394,7.92129e+12,7.69935e+12,7.2765e+12,6.71678e+12,3.97905e+12,6.24697e+12
34.7643,8.61979e+12,8.16574e+12,7.59084e+12,6.87435e+12,4.02337e+12,7.13603e+12
35.0892,9.30757e+12,8.62399e+12,7.89692e+12,7.02601e+12,4.06536e+12,8.01695e+12
35.4141,9.98506e+12,9.07442e+12,8.19504e+12,7.17197e+12,4.10511e+12,8.89006e+12
35.739,1.06526e+13,9.51729e+12,8.48548e+12,7.31245e+12,4.1427e+12,9.75559e+12
36.0639,1.13105e+13,9.95286e+12,8.76851e+12,7.44763e+12,4.17821e+12,1.06138e+13
36.3888,1.19592e+13,1.03814e+13,9.0444e+12,7.5777e+12,4.21171e+12,1.14651e+13
36.7137,1.2599e+13,1.08032e+13,9.3134e+12,7.70285e+12,4.24328e+12,1.23095e+13
37.0386,1.32301e+13,1.12184e+13,9.57573e+12,7.82323e+12,4.27296e+12,1.31474e+13
37.3635,1.38529e+13,1.16273e+13,9.83163e+12,7.93901e+12,4.30084e+12,1.3979e+13
37.6884,1.44676e+13,1.203e+13,1.00813e+13,8.05034e+12,4.32696e+12,1.48044e+13
38.0133,1.50745e+13,1.24269e+13,1.0325e+13,8.15737e+12,4.3514e+12,1.56239e+13
38.3382,1.56739e+13,1.2818e+13,1.05628e+13,8.26024e+12,4.3742e+12,1.64377e+13
38.6631,1.6266e+13,1.32035e+13,1.0795e+13,8.35908e+12,4.39541e+12,1.72459e+13
38.988,1.68511e+13,1.35837e+13,1.10218e+13,8.45403e+12,4.41509e+12,1.80488e+13
39.3129,1.74293e+13,1.39588e+13,1.12433e+13,8.5452e+12,4.43329e+12,1.88465e+13
39.6378,1.80009e+13,1.43287e+13,1.14597e+13,8.63272e+12,4.45005e+12,1.96392e+13
39.9627,1.85661e+13,1.46939e+13,1.16711e+13,8.7167e+12,4.46542e+12,2.0427e+13
40.2876,1.91251e+13,1.50542e+13,1.18777e+13,8.79725e+12,4.47943e+12,2.12101e+13
40.6125,1.9678e+13,1.541e+13,1.20797e+13,8.87447e+12,4.49214e+12,2.19886e+13
40.9374,2.02251e+13,1.57614e+13,1.22771e+13,8.94845e+12,4.50358e+12,2.27626e+13
41.2623,2.07665e+13,1.61085e+13,1.24702e+13,9.01931e+12,4.51378e+12,2.35324e+13
41.5872,2.13024e+13,1.64513e+13,1.2659e+13,9.08713e+12,4.52279e+12,2.42979e+13
41.9121,2.18329e+13,1.67901e+13,1.28437e+13,9.152e+12,4.53064e+12,2.50594e+13
42.237,2.23583e+13,1.7125e+13,1.30244e+13,9.214e+12,4.53736e+12,2.5817e+13
42.5619,2.28786e+13,1.7456e+13,1.32012e+13,9.27322e+12,4.54299e+12,2.65707e+13
42.8868,2.3456e+13,1.78183e+13,1.34011e+13,9.33809e+12,4.54553e+12,2.7394e+13
43.2117,2.41223e+13,1.82302e+13,1.36372e+13,9.41285e+12,4.54433e+12,2.8326e+13
43.5366,2.47956e+13,1.86459e+13,1.38739e+13,9.48646e+12,4.54219e+12,2.92707e+13
43.8615,2.54763e+13,1.90654e+13,1.41113e+13,9.55887e+12,4.53906e+12,3.02287e+13
44.1864,2.61645e+13,1.94889e+13,1.43494e+13,9.63005e+12,4.53492e+12,3.12003e+13
44.5113,2.68605e+13,1.99166e+13,1.45882e+13,9.69996e+12,4.52975e+12,3.21859e+13
44.8362,2.75646e+13,2.03485e+13,1.48277e+13,9.76857e+12,4.5235e+12,3.31859e+13
45.1611,2.82769e+13,2.07848e+13,1.50679e+13,9.83583e+12,4.51615e+12,3.42009e+13
45.486,2.89978e+13,2.12256e+13,1.53089e+13,9.9017e+12,4.50767e+12,3.52312e+13
45.8109,2.97274e+13,2.1671e+13,1.55506e+13,9.96615e+12,4.49801e+12,3.62773e+13
46.1358,3.04661e+13,2.21213e+13,1.57931e+13,1.00291e+13,4.48714e+12,3.73397e+13
46.4607,3.12142e+13,2.25765e+13,1.60365e+13,1.00906e+13,4.47502e+12,3.8419e+13
46.7856,3.19719e+13,2.30368e+13,1.62808e+13,1.01504e+13,4.46161e+12,3.95157e+13
47.1105,3.27396e+13,2.35024e+13,1.65259e+13,1.02087e+13,4.44687e+12,4.06303e+13
47.4354,3.35176e+13,2.39735e+13,1.67719e+13,1.02652e+13,4.43075e+12,4.17635e+13
47.7603,3.43063e+13,2.44502e+13,1.70189e+13,1.03201e+13,4.41321e+12,4.29159e+13
48.0852,3.5106e+13,2.49327e+13,1.72668e+13,1.03731e+13,4.39421e+12,4.40881e+13
48.4101,3.59171e+13,2.54212e+13,1.75158e+13,1.04243e+13,4.37368e+12,4.52808e+13
48.735,3.67399e+13,2.5916e+13,1.77658e+13,1.04736e+13,4.35158e+12,4.64947e+13
49.0599,3.7575e+13,2.64172e+13,1.80169e+13,1.05209e+13,4.32786e+12,4.77306e+13
49.3848,3.84226e+13,2.69252e+13,1.82691e+13,1.05661e+13,4.30245e+12,4.89891e+13
49.7097,3.92834e+13,2.744e+13,1.85224e+13,1.06092e+13,4.2753e+12,5.02712e+13
50.0346,4.01577e+13,2.7962e+13,1.8777e+13,1.06501e+13,4.24633e+12,5.15778e+13
50.3595,4.1046e+13,2.84914e+13,1.90328e+13,1.06887e+13,4.2155e+12,5.29096e+13
50.6844,4.1949e+13,2.90286e+13,1.92899e+13,1.07249e+13,4.18271e+12,5.42676e+13
51.0093,4.2867e+13,2.95737e+13,1.95483e+13,1.07587e+13,4.14792e+12,5.56528e+13
51.3342,4.38569e+13,3.01637e+13,1.9817e+13,1.07912e+13,4.11141e+12,5.71857e+13
51.6591,4.53054e+13,3.10559e+13,2.01585e+13,1.08369e+13,4.07971e+12,5.97089e+13
51.984,4.67081e+13,3.19266e+13,2.04951e+13,1.08889e+13,4.05236e+12,6.21663e+13
52.3089,4.80667e+13,3.27766e+13,2.0827e+13,1.09471e+13,4.02919e+12,6.45603e+13
52.6338,4.93828e+13,3.36065e+13,2.11542e+13,1.10111e+13,4.01007e+12,6.68931e+13
52.9587,5.06578e+13,3.44172e+13,2.14771e+13,1.10809e+13,3.99485e+12,6.9167e+13
53.2836,5.18934e+13,3.52094e+13,2.17956e+13,1.11562e+13,3.98338e+12,7.1384e+13
53.6085,5.30907e+13,3.59835e+13,2.21101e+13,1.12367e+13,3.97554e+12,7.35461e+13
53.9334,5.42511e+13,3.67404e+13,2.24206e+13,1.13224e+13,3.9712e+12,7.56552e+13
54.2583,5.5376e+13,3.74805e+13,2.27272e+13,1.14131e+13,3.97025e+12,7.77131e+13
54.5832,5.64665e+13,3.82045e+13,2.30301e+13,1.15085e+13,3.97256e+12,7.97215e+13
54.9081,5.75236e+13,3.89128e+13,2.33295e+13,1.16085e+13,3.97804e+12,8.16821e+13
55.233,5.85486e+13,3.9606e+13,2.36253e+13,1.1713e+13,3.98657e+12,8.35965e+13
55.5579,5.95425e+13,4.02846e+13,2.39178e+13,1.18219e+13,3.99805e+12,8.54661e+13
55.8828,6.05063e+13,4.0949e+13,2.42071e+13,1.19349e+13,4.0124e+12,8.72924e+13
56.2077,6.14409e+13,4.15998e+13,2.44932e+13,1.2052e+13,4.02952e+12,8.90768e+13
56.5326,6.23473e+13,4.22373e+13,2.47763e+13,1.2173e+13,4.04932e+12,9.08206e+13
56.8575,6.32264e+13,4.28619e+13,2.50564e+13,1.22978e+13,4.07172e+12,9.25251e+13
57.1824,6.40789e+13,4.3474e+13,2.53336e+13,1.24262e+13,4.09663e+12,9.41915e+13
57.5073,6.49057e+13,4.40741e+13,2.56081e+13,1.25583e+13,4.12399e+12,9.58209e+13
57.8322,6.57076e+13,4.46625e+13,2.58799e+13,1.26938e+13,4.15372e+12,9.74145e+13
58.1571,6.64854e+13,4.52396e+13,2.61491e+13,1.28327e+13,4.18574e+12,9.89733e+13
58.482,6.72397e+13,4.58056e+13,2.64158e+13,1.29748e+13,4.21999e+12,1.00498e+14
58.8069,6.79712e+13,4.63609e+13,2.668e+13,1.31201e+13,4.2564e+12,1.01991e+14
59.1318,6.86806e+13,4.69058e+13,2.69418e+13,1.32685e+13,4.29491e+12,1.03451e+14
59.4567,6.93686e+13,4.74407e+13,2.72013e+13,1.34198e+13,4.33546e+12,1.04881e+14
59.7816,7.00357e+13,4.79657e+13,2.74586e+13,1.35741e+13,4.378e+12,1.06281e+14
60.1065,7.09692e+13,4.8624e+13,2.77544e+13,1.37133e+13,4.41337e+12,1.08061e+14
60.4314,7.1977e+13,4.93232e+13,2.8065e+13,1.38533e+13,4.44892e+12,1.09952e+14
60.7563,7.2985e+13,5.00267e+13,2.83804e+13,1.39994e+13,4.48723e+12,1.1185e+14
61.0812,7.39931e+13,5.07347e+13,2.87008e+13,1.41519e+13,4.52838e+12,1.13755e+14
61.4061,7.50014e+13,5.14473e+13,2.90262e+13,1.43107e+13,4.57245e+12,1.15666e+14
61.731,7.60097e+13,5.21647e+13,2.93569e+13,1.44763e+13,4.61954e+12,1.17584e+14
62.0559,7.70181e+13,5.28869e+13,2.96929e+13,1.46487e+13,4.66974e+12,1.1951e+14
62.3808,7.80267e+13,5.36142e+13,3.00346e+13,1.48281e+13,4.72313e+12,1.21442e+14
62.7057,7.90354e+13,5.43466e+13,3.0382e+13,1.50149e+13,4.77982e+12,1.23383e+14
63.0306,8.00442e+13,5.50844e+13,3.07353e+13,1.52091e+13,4.83991e+12,1.25331e+14
63.3555,8.10532e+13,5.58278e+13,3.10947e+13,1.54112e+13,4.90352e+12,1.27287e+14
63.6804,8.20623e+13,5.65769e+13,3.14604e+13,1.56212e+13,4.97075e+12,1.29252e+14
64.0053,8.30715e+13,5.73318e+13,3.18326e+13,1.58395e+13,5.04172e+12,1.31226e+14
64.3302,8.4081e+13,5.80929e+13,3.22115e+13,1.60664e+13,5.11656e+12,1.33208e+14
64.6551,8.50905e+13,5.88602e+13,3.25974e+13,1.63021e+13,5.19539e+12,1.352e+14
64.98,8.61002e+13,5.9634e+13,3.29904e+13,1.65469e+13,5.27835e+12,1.37201e+14
65.3049,8.71101e+13,6.04145e+13,3.33909e+13,1.68011e+13,5.36557e+12,1.39212e+14
65.6298,8.81201e+13,6.1202e+13,3.37991e+13,1.70651e+13,5.45721e+12,1.41233e+14
65.9547,8.91304e+13,6.19967e+13,3.42152e+13,1.73391e+13,5.55341e+12,1.43265e+14
66.2796,9.01408e+13,6.27988e+13,3.46395e+13,1.76236e+13,5.65434e+12,1.45308e+14
66.6045,9.11514e+13,6.36086e+13,3.50723e+13,1.79189e+13,5.76016e+12,1.47362e+14
66.9294,9.21621e+13,6.44264e+13,3.55139e+13,1.82255e+13,5.87105e+12,1.49427e+14
67.2543,9.31731e+13,6.52524e+13,3.59647e+13,1.85436e+13,5.98719e+12,1.51505e+14
67.5792,9.41843e+13,6.60871e+13,3.6425e+13,1.88738e+13,6.10879e+12,1.53596e+14
67.9041,9.51958e+13,6.69306e+13,3.6895e+13,1.92164e+13,6.23603e+12,1.55699e+14
68.229,9.62074e+13,6.77834e+13,3.73753e+13,1.9572e+13,6.36914e+12,1.57816e+14
68.5539,9.7511e+13,6.87441e+13,3.78771e+13,1.98646e+13,6.47443e+12,1.60157e+14
68.8788,9.90944e+13,6.97932e+13,3.83865e+13,2.00772e+13,6.54467e+12,1.62667e+14
69.2037,1.00619e+14,7.08111e+13,3.8886e+13,2.02914e+13,6.61617e+12,1.65087e+14
69.5286,1.02087e+14,7.17991e+13,3.9376e+13,2.05072e+13,6.68891e+12,1.67421e+14
69.8535,1.03501e+14,7.27582e+13,3.98568e+13,2.07246e+13,6.76282e+12,1.69672e+14
70.1784,1.04862e+14,7.36895e+13,4.03288e+13,2.09435e+13,6.83788e+12,1.71843e+14
70.5033,1.06173e+14,7.45939e+13,4.07923e+13,2.11639e+13,6.91404e+12,1.73937e+14
70.8282,1.07435e+14,7.54724e+13,4.12475e+13,2.13857e+13,6.99126e+12,1.75957e+14
71.1531,1.08649e+14,7.63258e+13,4.16948e+13,2.16088e+13,7.0695e+12,1.77905e+14
71.478,1.09818e+14,7.71551e+13,4.21344e+13,2.18333e+13,7.14874e+12,1.79783e+14
71.8029,1.10942e+14,7.79609e+13,4.25666e+13,2.2059e+13,7.22894e+12,1.81594e+14
72.1278,1.12024e+14,7.87442e+13,4.29917e+13,2.22859e+13,7.31006e+12,1.8334e+14
72.4527,1.13065e+14,7.95056e+13,4.34098e+13,2.25141e+13,7.39208e+12,1.85023e+14
72.7776,1.14066e+14,8.02458e+13,4.38211e+13,2.27433e+13,7.47496e+12,1.86645e+14
73.1025,1.15028e+14,8.09655e+13,4.4226e+13,2.29737e+13,7.55868e+12,1.88209e+14
73.4274,1.15953e+14,8.16655e+13,4.46246e+13,2.32052e+13,7.64322e+12,1.89716e+14
73.7523,1.16842e+14,8.23462e+13,4.50171e+13,2.34377e+13,7.72854e+12,1.91167e+14
74.0772,1.17695e+14,8.30083e+13,4.54037e+13,2.36712e+13,7.81463e+12,1.92566e+14
74.4021,1.18515e+14,8.36525e+13,4.57846e+13,2.39057e+13,7.90145e+12,1.93912e+14
74.727,1.19301e+14,8.42791e+13,4.61599e+13,2.41412e+13,7.98899e+12,1.95208e+14
75.0519,1.20056e+14,8.48887e+13,4.65298e+13,2.43775e+13,8.07722e+12,1.96455e+14
75.3768,1.20779e+14,8.54819e+13,4.68945e+13,2.46148e+13,8.16613e+12,1.97656e+14
75.7017,1.21472e+14,8.60592e+13,4.72542e+13,2.48529e+13,8.25569e+12,1.9881e+14
76.0266,1.22137e+14,8.66209e+13,4.76089e+13,2.50919e+13,8.34589e+12,1.9992e+14
76.3515,1.22772e+14,8.71677e+13,4.79589e+13,2.53316e+13,8.4367e+12,2.00986e+14
76.6764,1.23381e+14,8.76998e+13,4.83042e+13,2.55722e+13,8.52812e+12,2.02011e+14
77.0013,1.24074e+14,8.82497e+13,4.86304e+13,2.57683e+13,8.59913e+12,2.03126e+14
77.3262,1.25357e+14,8.89659e+13,4.88763e+13,2.5721e+13,8.55745e+12,2.04927e+14
77.6511,1.26647e+14,8.96841e+13,4.91213e+13,2.567e+13,8.51392e+12,2.06733e+14
77.976,1.27943e+14,9.04045e+13,4.93652e+13,2.56152e+13,8.46847e+12,2.08544e+14
78.3009,1.29247e+14,9.11271e+13,4.96081e+13,2.55565e+13,8.42106e+12,2.1036e+14
78.6258,1.30559e+14,9.1852e+13,4.98499e+13,2.54938e+13,8.37163e+12,2.1218e+14
78.9507,1.31878e+14,9.25792e+13,5.00906e+13,2.54269e+13,8.32011e+12,2.14007e+14
79.2756,1.33205e+14,9.33089e+13,5.03303e+13,2.53557e+13,8.26644e+12,2.15839e+14
79.6005,1.34541e+14,9.4041e+13,5.05687e+13,2.52801e+13,8.21055e+12,2.17676e+14
79.9254,1.35884e+14,9.47757e+13,5.0806e+13,2.52e+13,8.15238e+12,2.1952e+14
80.2503,1.37237e+14,9.5513e+13,5.1042e+13,2.51152e+13,8.09185e+12,2.21369e+14
80.5752,1.38598e+14,9.62531e+13,5.12768e+13,2.50255e+13,8.02889e+12,2.23225e+14
80.9001,1.39969e+14,9.6996e+13,5.15103e+13,2.49309e+13,7.96342e+12,2.25087e+14
81.225,1.41349e+14,9.77418e+13,5.17424e+13,2.48311e+13,7.89536e+12,2.26956e+14
81.5499,1.42739e+14,9.84906e+13,5.19731e+13,2.47259e+13,7.82461e+12,2.28832e+14
81.8748,1.44139e+14,9.92425e+13,5.22023e+13,2.46153e+13,7.7511e+12,2.30715e+14
82.1997,1.4555e+14,9.99977e+13,5.24301e+13,2.44989e+13,7.67473e+12,2.32605e+14
82.5246,1.46972e+14,1.00756e+14,5.26563e+13,2.43767e+13,7.59541e+12,2.34503e+14
82.8495,1.48405e+14,1.01518e+14,5.28809e+13,2.42483e+13,7.51302e+12,2.36408e+14
83.1744,1.4985e+14,1.02283e+14,5.31039e+13,2.41137e+13,7.42746e+12,2.38322e+14
83.4993,1.51306e+14,1.03053e+14,5.33251e+13,2.39726e+13,7.33863e+12,2.40244e+14
83.8242,1.52776e+14,1.03826e+14,5.35446e+13,2.38246e+13,7.2464e+12,2.42175e+14
84.1491,1.54258e+14,1.04602e+14,5.37623e+13,2.36697e+13,7.15066e+12,2.44115e+14
84.474,1.55753e+14,1.05383e+14,5.3978e+13,2.35076e+13,7.05127e+12,2.46064e+14
84.7989,1.57263e+14,1.06169e+14,5.41917e+13,2.33379e+13,6.9481e+12,2.48023e+14
85.1238,1.58787e+14,1.06958e+14,5.44035e+13,2.31604e+13,6.84101e+12,2.49993e+14
85.4487,1.60326e+14,1.07753e+14,5.4613e+13,2.29747e+13,6.72984e+12,2.51972e+14
85.7736,1.61832e+14,1.08356e+14,5.45866e+13,2.24908e+13,6.48973e+12,2.53523e+14
86.0985,1.63264e+14,1.08895e+14,5.45152e+13,2.19689e+13,6.23433e+12,2.54913e+14
86.4234,1.64625e+14,1.09405e+14,5.44428e+13,2.14648e+13,5.98776e+12,2.56219e+14
86.7483,1.65918e+14,1.09887e+14,5.43693e+13,2.09779e+13,5.74969e+12,2.57445e+14
87.0732,1.67146e+14,1.10342e+14,5.4295e+13,2.05077e+13,5.51983e+12,2.58593e+14
87.3981,1.68311e+14,1.1077e+14,5.42197e+13,2.00534e+13,5.2979e+12,2.59667e+14
87.723,1.69416e+14,1.11174e+14,5.41435e+13,1.96146e+13,5.08359e+12,2.60668e+14
88.0479,1.70462e+14,1.11553e+14,5.40665e+13,1.91907e+13,4.87667e+12,2.616e+14
88.3728,1.71451e+14,1.11909e+14,5.39887e+13,1.87812e+13,4.67687e+12,2.62464e+14
88.6977,1.72385e+14,1.12242e+14,5.39101e+13,1.83856e+13,4.48395e+12,2.63264e+14
89.0226,1.73267e+14,1.12553e+14,5.38307e+13,1.80035e+13,4.29768e+12,2.64e+14
89.3475,1.74097e+14,1.12843e+14,5.37505e+13,1.76344e+13,4.11785e+12,2.64676e+14
89.6724,1.74878e+14,1.13112e+14,5.36697e+13,1.72778e+13,3.94424e+12,2.65293e+14
89.9973,1.75611e+14,1.13361e+14,5.35881e+13,1.69334e+13,3.77665e+12,2.65853e+14
90.3222,1.76298e+14,1.13592e+14,5.35059e+13,1.66009e+13,3.61489e+12,2.66358e+14
90.6471,1.7694e+14,1.13803e+14,5.34231e+13,1.62797e+13,3.45877e+12,2.6681e+14
90.972,1.77538e+14,1.13997e+14,5.33396e+13,1.59696e+13,3.30812e+12,2.6721e+14
91.2969,1.78094e+14,1.14173e+14,5.32554e+13,1.56702e+13,3.16277e+12,2.6756e+14
91.6218,1.78609e+14,1.14332e+14,5.31707e+13,1.53812e+13,3.02256e+12,2.67861e+14
91.9467,1.79085e+14,1.14475e+14,5.30855e+13,1.51022e+13,2.88732e+12,2.68116e+14
92.2716,1.79523e+14,1.14602e+14,5.29996e+13,1.4833e+13,2.75692e+12,2.68325e+14
92.5965,1.79923e+14,1.14713e+14,5.29132e+13,1.45733e+13,2.6312e+12,2.68489e+14
92.9214,1.80287e+14,1.14809e+14,5.28263e+13,1.43228e+13,2.51003e+12,2.68611e+14
93.2463,1.80615e+14,1.14891e+14,5.27389e+13,1.40812e+13,2.39327e+12,2.68691e+14
93.5712,1.8091e+14,1.14959e+14,5.2651e+13,1.38483e+13,2.2808e+12,2.6873e+14
93.8961,1.81172e+14,1.15013e+14,5.25627e+13,1.36238e+13,2.1725e+12,2.6873e+14
94.221,1.81489e+14,1.15115e+14,5.25038e+13,1.34238e+13,2.076e+12,2.68819e+14
94.5459,1.81869e+14,1.15266e+14,5.24706e+13,1.32416e+13,1.9882e+12,2.68998e+14
94.8708,1.82234e+14,1.1541e+14,5.24359e+13,1.30612e+13,1.90142e+12,2.69158e+14
95.1957,1.82585e+14,1.15548e+14,5.23995e+13,1.28825e+13,1.81568e+12,2.69297e+14
95.5206,1.82921e+14,1.15678e+14,5.23615e+13,1.27057e+13,1.73103e+12,2.69416e+14
95.8455,1.83243e+14,1.15802e+14,5.23217e+13,1.25307e+13,1.64749e+12,2.69513e+14
96.1704,1.83548e+14,1.15918e+14,5.22803e+13,1.23577e+13,1.5651e+12,2.69588e+14
96.4953,1.83838e+14,1.16026e+14,5.2237e+13,1.21868e+13,1.48389e+12,2.6964e+14
96.8202,1.84111e+14,1.16126e+14,5.21918e+13,1.20179e+13,1.4039e+12,2.69669e+14
97.1451,1.84367e+14,1.16219e+14,5.21447e+13,1.18511e+13,1.32517e+12,2.69673e+14
97.47,1.84605e+14,1.16303e+14,5.20956e+13,1.16865e+13,1.24773e+12,2.69652e+14
97.7949,1.84825e+14,1.16378e+14,5.20444e+13,1.15242e+13,1.17164e+12,2.69605e+14
98.1198,1.85027e+14,1.16445e+14,5.19911e+13,1.13643e+13,1.09693e+12,2.69532e+14
98.4447,1.85208e+14,1.16502e+14,5.19356e+13,1.12067e+13,1.02364e+12,2.69431e+14
98.7696,1.8537e+14,1.1655e+14,5.18779e+13,1.10517e+13,9.51831e+11,2.69302e+14
99.0945,1.85511e+14,1.16588e+14,5.18178e+13,1.08993e+13,8.81545e+11,2.69143e+14
99.4194,1.85631e+14,1.16616e+14,5.17553e+13,1.07495e+13,8.12836e+11,2.68954e+14
99.7443,1.85729e+14,1.16634e+14,5.16903e+13,1.06025e+13,7.45756e+11,2.68734e+14
100.069,1.85803e+14,1.1664e+14,5.16227e+13,1.04584e+13,6.80361e+11,2.68481e+14
100.394,1.85854e+14,1.16636e+14,5.15524e+13,1.03172e+13,6.16713e+11,2.68194e+14
100.719,1.8588e+14,1.1662e+14,5.14794e+13,1.01791e+13,5.5487e+11,2.67872e+14
101.044,1.85881e+14,1.16591e+14,5.14035e+13,1.00442e+13,4.949e+11,2.67515e+14
101.369,1.85856e+14,1.16551e+14,5.13246e+13,9.91255e+12,4.36868e+11,2.67119e+14
101.694,1.85803e+14,1.16497e+14,5.12426e+13,9.78433e+12,3.80847e+11,2.66685e+14
102.019,1.85722e+14,1.1643e+14,5.11574e+13,9.65965e+12,3.26911e+11,2.66211e+14
102.343,1.85611e+14,1.16349e+14,5.10689e+13,9.53864e+12,2.75139e+11,2.65695e+14
102.668,1.8527e+14,1.16128e+14,5.09234e+13,9.42804e+12,2.34892e+11,2.64908e+14
102.993,1.84159e+14,1.15425e+14,5.05739e+13,9.34384e+12,2.30446e+11,2.63241e+14
103.318,1.83038e+14,1.14716e+14,5.02214e+13,9.2599e+12,2.26164e+11,2.61563e+14
103.643,1.81906e+14,1.14e+14,4.9866e+13,9.17622e+12,2.22038e+11,2.59875e+14
103.968,1.80764e+14,1.13277e+14,4.95078e+13,9.09278e+12,2.18063e+11,2.58178e+14
104.293,1.79613e+14,1.12548e+14,4.91469e+13,9.00957e+12,2.14234e+11,2.56471e+14
104.618,1.78452e+14,1.11813e+14,4.87833e+13,8.92659e+12,2.10545e+11,2.54755e+14
104.943,1.77282e+14,1.11072e+14,4.84173e+13,8.84384e+12,2.06992e+11,2.5303e+14
105.268,1.76103e+14,1.10326e+14,4.80488e+13,8.76129e+12,2.0357e+11,2.51296e+14
105.592,1.74916e+14,1.09574e+14,4.76779e+13,8.67894e+12,2.00275e+11,2.49554e+14
105.917,1.73721e+14,1.08816e+14,4.73048e+13,8.5968e+12,1.97102e+11,2.47805e+14
106.242,1.72519e+14,1.08054e+14,4.69294e+13,8.51484e+12,1.94047e+11,2.46047e+14
106.567,1.71308e+14,1.07287e+14,4.6552e+13,8.43307e+12,1.91106e+11,2.44283e+14
106.892,1.70091e+14,1.06515e+14,4.61725e+13,8.35147e+12,1.88276e+11,2.42511e+14
107.217,1.68866e+14,1.05739e+14,4.5791e+13,8.27005e+12,1.85553e+11,2.40732e+14
107.542,1.67634e+14,1.04958e+14,4.54075e+13,8.1888e+12,1.82933e+11,2.38946e+14
107.867,1.66396e+14,1.04172e+14,4.50222e+13,8.10771e+12,1.80414e+11,2.37154e+14
108.192,1.65151e+14,1.03383e+14,4.46351e+13,8.02677e+12,1.77992e+11,2.35356e+14
108.517,1.639e+14,1.02589e+14,4.42463e+13,7.94599e+12,1.75665e+11,2.33551e+14
108.841,1.62643e+14,1.01792e+14,4.38557e+13,7.86535e+12,1.73428e+11,2.31741e+14
109.166,1.6138e+14,1.00991e+14,4.34635e+13,7.78486e+12,1.71281e+11,2.29924e+14
109.491,1.60111e+14,1.00186e+14,4.30697e+13,7.70451e+12,1.69219e+11,2.28103e+14
109.816,1.58837e+14,9.93774e+13,4.26744e+13,7.62429e+12,1.67241e+11,2.26275e+14
110.141,1.57558e+14,9.85654e+13,4.22775e+13,7.5442e+12,1.65343e+11,2.24443e+14
110.466,1.56273e+14,9.77501e+13,4.18792e+13,7.46423e+12,1.63524e+11,2.22605e+14
110.791,1.54983e+14,9.69314e+13,4.14795e+13,7.38439e+12,1.61782e+11,2.20763e+14
111.116,1.53688e+14,9.61096e+13,4.10783e+13,7.30468e+12,1.60113e+11,2.18915e+14
111.441,1.5248e+14,9.53412e+13,4.0706e+13,7.22908e+12,1.57527e+11,2.17195e+14
111.766,1.51265e+14,9.45676e+13,4.03313e+13,7.15294e+12,1.5482e+11,2.15467e+14
112.09,1.50031e+14,9.37816e+13,3.99503e+13,7.0757e+12,1.52103e+11,2.13713e+14
112.415,1.48777e+14,9.29827e+13,3.95629e+13,6.99732e+12,1.49377e+11,2.11933e+14
112.74,1.47503e+14,9.21706e+13,3.91689e+13,6.91776e+12,1.46642e+11,2.10126e+14
113.065,1.46208e+14,9.13448e+13,3.8768e+13,6.837e+12,1.43896e+11,2.08291e+14
113.39,1.44892e+14,9.05049e+13,3.836e+13,6.75499e+12,1.4114e+11,2.06427e+14
113.715,1.43553e+14,8.96505e+13,3.79448e+13,6.67169e+12,1.38373e+11,2.04534e+14
114.04,1.42191e+14,8.87812e+13,3.75221e+13,6.58707e+12,1.35596e+11,2.02611e+14
114.365,1.40806e+14,8.78965e+13,3.70917e+13,6.50108e+12,1.32807e+11,2.00656e+14
114.69,1.39397e+14,8.69958e+13,3.66532e+13,6.41369e+12,1.30006e+11,1.98669e+14
115.015,1.37962e+14,8.60787e+13,3.62065e+13,6.32484e+12,1.27193e+11,1.96648e+14
115.339,1.36502e+14,8.51447e+13,3.57514e+13,6.23449e+12,1.24368e+11,1.94593e+14
115.664,1.35014e+14,8.41931e+13,3.52874e+13,6.14258e+12,1.2153e+11,1.92502e+14
115.989,1.335e+14,8.32234e+13,3.48144e+13,6.04907e+12,1.18679e+11,1.90374e+14
116.314,1.31956e+14,8.2235e+13,3.43319e+13,5.95391e+12,1.15814e+11,1.88209e+14
116.639,1.30383e+14,8.12273e+13,3.38398e+13,5.85704e+12,1.12934e+11,1.86004e+14
116.964,1.28779e+14,8.01996e+13,3.33377e+13,5.75839e+12,1.1004e+11,1.83758e+14
117.289,1.27144e+14,7.91512e+13,3.28252e+13,5.65791e+12,1.07131e+11,1.8147e+14
117.614,1.25476e+14,7.80814e+13,3.23019e+13,5.55553e+12,1.04206e+11,1.79138e+14
117.939,1.23774e+14,7.69893e+13,3.17675e+13,5.45118e+12,1.01265e+11,1.76761e+14
118.264,1.22037e+14,7.58743e+13,3.12216e+13,5.3448e+12,9.83072e+10,1.74338e+14
118.589,1.20263e+14,7.47355e+13,3.06637e+13,5.23631e+12,9.53316e+10,1.71866e+14
118.913,1.18452e+14,7.35719e+13,3.00934e+13,5.12563e+12,9.23379e+10,1.69344e+14
119.238,1.16601e+14,7.23827e+13,2.95103e+13,5.01269e+12,8.93255e+10,1.66769e+14
119.563,1.1471e+14,7.1167e+13,2.89139e+13,4.89739e+12,8.62934e+10,1.64141e+14
119.888,1.13135e+14,7.01526e+13,2.84295e+13,4.80479e+12,8.33486e+10,1.61957e+14
120.213,1.11818e+14,6.93035e+13,2.80357e+13,4.73052e+12,8.05685e+10,1.60135e+14
120.538,1.10509e+14,6.84601e+13,2.76442e+13,4.65692e+12,7.78999e+10,1.58327e+14
120.863,1.09209e+14,6.76221e+13,2.72549e+13,4.58398e+12,7.53386e+10,1.56531e+14
121.188,1.07918e+14,6.67893e+13,2.68677e+13,4.51167e+12,7.28809e+10,1.54746e+14
121.513,1.06633e+14,6.59616e+13,2.64826e+13,4.43997e+12,7.05231e+10,1.52974e+14
121.837,1.05357e+14,6.51388e+13,2.60994e+13,4.36886e+12,6.82615e+10,1.51212e+14
122.162,1.04088e+14,6.43207e+13,2.57182e+13,4.29831e+12,6.60931e+10,1.49461e+14
122.487,1.02825e+14,6.35072e+13,2.53388e+13,4.22831e+12,6.40144e+10,1.4772e+14
122.812,1.0157e+14,6.2698e+13,2.49612e+13,4.15884e+12,6.20225e+10,1.4599e+14
123.137,1.00321e+14,6.18931e+13,2.45853e+13,4.08988e+12,6.01145e+10,1.44269e+14
123.462,9.90782e+13,6.10923e+13,2.42111e+13,4.02142e+12,5.82875e+10,1.42557e+14
123.787,9.78417e+13,6.02955e+13,2.38385e+13,3.95343e+12,5.65391e+10,1.40854e+14
124.112,9.66112e+13,5.95026e+13,2.34674e+13,3.88591e+12,5.48665e+10,1.39161e+14
124.437,9.53864e+13,5.87133e+13,2.30979e+13,3.81883e+12,5.32674e+10,1.37475e+14
124.762,9.41671e+13,5.79277e+13,2.27298e+13,3.75218e+12,5.17394e+10,1.35798e+14
125.087,9.29532e+13,5.71456e+13,2.23632e+13,3.68596e+12,5.02802e+10,1.34128e+14
125.411,9.17445e+13,5.63668e+13,2.19979e+13,3.62014e+12,4.88879e+10,1.32467e+14
125.736,9.05409e+13,5.55913e+13,2.16339e+13,3.55472e+12,4.75602e+10,1.30813e+14
126.061,8.93422e+13,5.4819e+13,2.12713e+13,3.48968e+12,4.62953e+10,1.29166e+14
126.386,8.81482e+13,5.40498e+13,2.09099e+13,3.42501e+12,4.50912e+10,1.27526e+14
126.711,8.69588e+13,5.32836e+13,2.05497e+13,3.3607e+12,4.39462e+10,1.25892e+14
127.036,8.57739e+13,5.25202e+13,2.01907e+13,3.29674e+12,4.28584e+10,1.24266e+14
127.361,8.45934e+13,5.17597e+13,1.98328e+13,3.23311e+12,4.18262e+10,1.22645e+14
127.686,8.34171e+13,5.1002e+13,1.9476e+13,3.16982e+12,4.0848e+10,1.21031e+14
128.011,8.22448e+13,5.02469e+13,1.91204e+13,3.10684e+12,3.99223e+10,1.19423e+14
128.335,8.11843e+13,4.95682e+13,1.8809e+13,3.0525e+12,3.90775e+10,1.17958e+14
128.66,8.04253e+13,4.90969e+13,1.86195e+13,3.02171e+12,3.83489e+10,1.16875e+14
128.985,7.9664e+13,4.86245e+13,1.84303e+13,2.99115e+12,3.76426e+10,1.15789e+14
129.31,7.89004e+13,4.81511e+13,1.82414e+13,2.96081e+12,3.69593e+10,1.14698e+14
129.635,7.81343e+13,4.76767e+13,1.80528e+13,2.9307e+12,3.62995e+10,1.13603e+14
129.96,7.73657e+13,4.72011e+13,1.78646e+13,2.90083e+12,3.5664e+10,1.12504e+14
130.285,7.65945e+13,4.67244e+13,1.76767e+13,2.87121e+12,3.50535e+10,1.114e+14
130.61,7.58207e+13,4.62466e+13,1.74892e+13,2.84185e+12,3.44689e+10,1.10292e+14
130.935,7.50441e+13,4.57676e+13,1.7302e+13,2.81275e+12,3.39108e+10,1.0918e+14
131.26,7.42647e+13,4.52873e+13,1.71151e+13,2.78392e+12,3.33802e+10,1.08062e+14
131.585,7.34823e+13,4.48058e+13,1.69287e+13,2.75537e+12,3.28779e+10,1.0694e+14
131.909,7.2697e+13,4.43229e+13,1.67427e+13,2.72711e+12,3.24048e+10,1.05812e+14
132.234,7.19085e+13,4.38387e+13,1.65571e+13,2.69915e+12,3.19618e+10,1.04679e+14
132.559,7.11168e+13,4.33531e+13,1.63719e+13,2.6715e+12,3.15499e+10,1.03541e+14
132.884,7.03217e+13,4.28661e+13,1.61871e+13,2.64416e+12,3.11702e+10,1.02397e+14
133.209,6.95233e+13,4.23776e+13,1.60028e+13,2.61716e+12,3.08237e+10,1.01247e+14
133.534,6.87213e+13,4.18875e+13,1.5819e+13,2.59049e+12,3.05115e+10,1.00091e+14
133.859,6.79156e+13,4.13958e+13,1.56356e+13,2.56418e+12,3.02349e+10,9.89288e+13
134.184,6.71061e+13,4.09025e+13,1.54528e+13,2.53823e+12,2.9995e+10,9.77603e+13
134.509,6.62927e+13,4.04074e+13,1.52704e+13,2.51266e+12,2.97931e+10,9.6585e+13
134.833,6.54752e+13,3.99106e+13,1.50886e+13,2.48747e+12,2.96306e+10,9.54029e+13
135.158,6.46535e+13,3.9412e+13,1.49074e+13,2.4627e+12,2.95088e+10,9.42136e+13
135.483,6.38275e+13,3.89115e+13,1.47267e+13,2.43833e+12,2.94293e+10,9.30169e+13
135.808,6.29969e+13,3.8409e+13,1.45466e+13,2.41441e+12,2.93936e+10,9.18126e+13
136.133,6.21616e+13,3.79044e+13,1.43672e+13,2.39093e+12,2.94032e+10,9.06002e+13
136.458,6.13215e+13,3.73977e+13,1.41884e+13,2.36792e+12,2.946e+10,8.93796e+13
136.783,6.04763e+13,3.68889e+13,1.40102e+13,2.34539e+12,2.95657e+10,8.81504e+13
137.108,6.04299e+13,3.69387e+13,1.41494e+13,2.40617e+12,3.53027e+10,8.80008e+13
137.433,6.04118e+13,3.70091e+13,1.42997e+13,2.47113e+12,4.15699e+10,8.78927e+13
137.758,6.03777e+13,3.7069e+13,1.44435e+13,2.53566e+12,4.80536e+10,8.7766e+13
138.082,6.03281e+13,3.71187e+13,1.45811e+13,2.59978e+12,5.4746e+10,8.76213e+13
138.407,6.02637e+13,3.71587e+13,1.47127e+13,2.66351e+12,6.16398e+10,8.74595e+13
138.732,6.01848e+13,3.71892e+13,1.48386e+13,2.72685e+12,6.87277e+10,8.72809e+13
139.057,6.00921e+13,3.72107e+13,1.49588e+13,2.78983e+12,7.60029e+10,8.70863e+13
139.382,5.99859e+13,3.72234e+13,1.50736e+13,2.85245e+12,8.34591e+10,8.68762e+13
139.707,5.98669e+13,3.72276e+13,1.51833e+13,2.91472e+12,9.109e+10,8.66511e+13
140.032,5.97353e+13,3.72236e+13,1.52879e+13,2.97666e+12,9.88897e+10,8.64115e+13
140.357,5.95916e+13,3.72117e+13,1.53876e+13,3.03829e+12,1.06853e+11,8.61579e+13
140.682,5.94362e+13,3.71922e+13,1.54827e+13,3.0996e+12,1.14973e+11,8.58908e+13
141.007,5.92696e+13,3.71652e+13,1.55732e+13,3.16061e+12,1.23247e+11,8.56106e+13
141.331,5.9092e+13,3.71311e+13,1.56593e+13,3.22133e+12,1.31668e+11,8.53177e+13
141.656,5.89038e+13,3.70901e+13,1.57411e+13,3.28177e+12,1.40232e+11,8.50125e+13
141.981,5.87053e+13,3.70423e+13,1.58188e+13,3.34193e+12,1.48935e+11,8.46955e+13
142.306,5.84969e+13,3.6988e+13,1.58925e+13,3.40183e+12,1.57772e+11,8.4367e+13
142.631,5.82789e+13,3.69274e+13,1.59623e+13,3.46148e+12,1.66738e+11,8.40273e+13
142.956,5.80515e+13,3.68607e+13,1.60284e+13,3.52088e+12,1.75831e+11,8.36767e+13
143.281,5.78151e+13,3.67881e+13,1.60908e+13,3.58004e+12,1.85046e+11,8.33158e+13
143.606,5.75699e+13,3.67098e+13,1.61497e+13,3.63896e+12,1.9438e+11,8.29446e+13
143.931,5.73162e+13,3.66258e+13,1.62051e+13,3.69766e+12,2.03828e+11,8.25636e+13
144.256,5.70542e+13,3.65365e+13,1.62573e+13,3.75614e+12,2.13389e+11,8.2173e+13
144.581,5.67842e+13,3.64418e+13,1.63062e+13,3.8144e+12,2.23057e+11,8.17731e+13
144.905,5.65064e+13,3.63421e+13,1.6352e+13,3.87246e+12,2.32831e+11,8.13642e+13
145.23,5.6221e+13,3.62375e+13,1.63947e+13,3.93032e+12,2.42707e+11,8.09465e+13
145.555,5.59781e+13,3.61449e+13,1.64271e+13,3.97569e+12,2.50314e+11,8.05886e+13
145.88,5.57603e+13,3.60599e+13,1.64544e+13,4.01415e+12,2.56645e+11,8.02658e+13
146.205,5.55391e+13,3.59732e+13,1.6481e+13,4.05298e+12,2.63085e+11,7.99389e+13
146.53,5.53144e+13,3.58847e+13,1.65071e+13,4.09219e+12,2.69636e+11,7.96077e+13
146.855,5.50861e+13,3.57944e+13,1.65326e+13,4.13179e+12,2.76304e+11,7.92722e+13
147.18,5.48541e+13,3.57023e+13,1.65575e+13,4.17179e+12,2.8309e+11,7.89322e+13
147.505,5.46183e+13,3.56082e+13,1.65818e+13,4.2122e+12,2.89999e+11,7.85876e+13
147.829,5.43785e+13,3.55121e+13,1.66054e+13,4.25304e+12,2.97034e+11,7.82383e+13
148.154,5.41348e+13,3.54139e+13,1.66284e+13,4.29432e+12,3.04199e+11,7.7884e+13
148.479,5.38868e+13,3.53137e+13,1.66507e+13,4.33605e+12,3.11499e+11,7.75246e+13
148.804,5.36345e+13,3.52112e+13,1.66722e+13,4.37824e+12,3.18937e+11,7.716e+13
149.129,5.33778e+13,3.51065e+13,1.66931e+13,4.42092e+12,3.26519e+11,7.67901e+13
149.454,5.31165e+13,3.49994e+13,1.67132e+13,4.4641e+12,3.34248e+11,7.64145e+13
149.779,5.28504e+13,3.489e+13,1.67325e+13,4.50779e+12,3.42129e+11,7.60332e+13
150.104,5.25795e+13,3.4778e+13,1.67511e+13,4.55202e+12,3.50169e+11,7.5646e+13
150.429,5.23035e+13,3.46635e+13,1.67688e+13,4.59679e+12,3.58371e+11,7.52526e+13
150.754,5.20222e+13,3.45463e+13,1.67856e+13,4.64213e+12,3.66741e+11,7.48529e+13
151.078,5.17356e+13,3.44264e+13,1.68016e+13,4.68805e+12,3.75285e+11,7.44466e+13
151.403,5.14433e+13,3.43036e+13,1.68166e+13,4.73459e+12,3.8401e+11,7.40335e+13
151.728,5.11452e+13,3.41779e+13,1.68307e+13,4.78175e+12,3.92921e+11,7.36134e+13
152.053,5.08412e+13,3.40491e+13,1.68439e+13,4.82956e+12,4.02025e+11,7.3186e+13
152.378,5.05309e+13,3.39172e+13,1.6856e+13,4.87805e+12,4.11329e+11,7.2751e+13
152.703,5.02142e+13,3.3782e+13,1.6867e+13,4.92724e+12,4.20841e+11,7.23083e+13
153.028,4.98908e+13,3.36434e+13,1.6877e+13,4.97715e+12,4.30567e+11,7.18574e+13
153.353,4.95604e+13,3.35013e+13,1.68858e+13,5.02781e+12,4.40516e+11,7.13982e+13
153.678,4.92229e+13,3.33556e+13,1.68935e+13,5.07925e+12,4.50697e+11,7.09302e+13
154.003,4.89863e+13,3.32677e+13,1.69174e+13,5.13043e+12,4.60523e+11,7.06079e+13
154.327,4.8982e+13,3.33122e+13,1.69789e+13,5.17957e+12,4.69145e+11,7.06176e+13
154.652,4.89776e+13,3.33568e+13,1.70404e+13,5.22871e+12,4.77767e+11,7.06274e+13
154.977,4.89733e+13,3.34013e+13,1.71019e+13,5.27785e+12,4.8639e+11,7.06371e+13
155.302,4.89689e+13,3.34458e+13,1.71633e+13,5.32699e+12,4.95012e+11,7.06468e+13
155.627,4.89646e+13,3.34903e+13,1.72248e+13,5.37613e+12,5.03634e+11,7.06566e+13
155.952,4.89602e+13,3.35348e+13,1.72863e+13,5.42527e+12,5.12257e+11,7.06663e+13
156.277,4.89559e+13,3.35793e+13,1.73478e+13,5.47441e+12,5.20879e+11,7.06761e+13
156.602,4.89515e+13,3.36238e+13,1.74093e+13,5.52355e+12,5.29501e+11,7.06858e+13
156.927,4.89472e+13,3.36683e+13,1.74707e+13,5.57269e+12,5.38124e+11,7.06956e+13
157.252,4.89428e+13,3.37128e+13,1.75322e+13,5.62183e+12,5.46746e+11,7.07053e+13
157.576,4.89385e+13,3.37573e+13,1.75937e+13,5.67097e+12,5.55368e+11,7.0715e+13
157.901,4.89341e+13,3.38018e+13,1.76552e+13,5.72011e+12,5.6399e+11,7.07248e+13
158.226,4.89298e+13,3.38463e+13,1.77167e+13,5.76925e+12,5.72613e+11,7.07345e+13
158.551,4.89254e+13,3.38908e+13,1.77781e+13,5.81839e+12,5.81235e+11,7.07443e+13
158.876,4.89211e+13,3.39354e+13,1.78396e+13,5.86753e+12,5.89857e+11,7.0754e+13
159.201,4.89167e+13,3.39799e+13,1.79011e+13,5.91667e+12,5.9848e+11,7.07637e+13
159.526,4.89124e+13,3.40244e+13,1.79626e+13,5.96581e+12,6.07102e+11,7.07735e+13
159.851,4.8908e+13,3.40689e+13,1.80241e+13,6.01495e+12,6.15724e+11,7.07832e+13
160.176,4.89037e+13,3.41134e+13,1.80855e+13,6.06409e+12,6.24347e+11,7.0793e+13
160.501,4.88993e+13,3.41579e+13,1.8147e+13,6.11323e+12,6.32969e+11,7.08027e+13
160.826,4.8895e+13,3.42024e+13,1.82085e+13,6.16237e+12,6.41591e+11,7.08124e+13
161.15,4.88906e+13,3.42469e+13,1.827e+13,6.21151e+12,6.50213e+11,7.08222e+13
161.475,4.88863e+13,3.42914e+13,1.83315e+13,6.26065e+12,6.58836e+11,7.08319e+13
161.8,4.88819e+13,3.43359e+13,1.83929e+13,6.30979e+12,6.67458e+11,7.08417e+13
162.125,4.88776e+13,3.43804e+13,1.84544e+13,6.35893e+12,6.7608e+11,7.08514e+13
162.45,4.88732e+13,3.44249e+13,1.85159e+13,6.40807e+12,6.84703e+11,7.08612e+13
162.775,4.88773e+13,3.43802e+13,1.84543e+13,6.35891e+12,6.7608e+11,7.0851e+13
163.1,4.88813e+13,3.43355e+13,1.83928e+13,6.30976e+12,6.67457e+11,7.08408e+13
163.425,4.88853e+13,3.42908e+13,1.83312e+13,6.2606e+12,6.58834e+11,7.08306e+13
163.75,4.88894e+13,3.42461e+13,1.82696e+13,6.21145e+12,6.50211e+11,7.08204e+13
164.074,4.88934e+13,3.42014e+13,1.82081e+13,6.16229e+12,6.41588e+11,7.08102e+13
164.399,4.88974e+13,3.41567e+13,1.81465e+13,6.11314e+12,6.32965e+11,7.08e+13
164.724,4.89015e+13,3.4112e+13,1.80849e+13,6.06398e+12,6.24342e+11,7.07898e+13
165.049,4.89055e+13,3.40673e+13,1.80234e+13,6.01483e+12,6.15719e+11,7.07797e+13
165.374,4.89095e+13,3.40226e+13,1.79618e+13,5.96567e+12,6.07096e+11,7.07695e+13
165.699,4.89136e+13,3.39779e+13,1.79002e+13,5.91652e+12,5.98473e+11,7.07593e+13
166.024,4.89176e+13,3.39332e+13,1.78387e+13,5.86736e+12,5.8985e+11,7.07491e+13
166.349,4.89216e+13,3.38885e+13,1.77771e+13,5.81821e+12,5.81227e+11,7.07389e+13
166.674,4.89257e+13,3.38438e+13,1.77155e+13,5.76905e+12,5.72604e+11,7.07287e+13
166.999,4.89297e+13,3.37991e+13,1.7654e+13,5.7199e+12,5.63981e+11,7.07185e+13
167.324,4.89337e+13,3.37544e+13,1.75924e+13,5.67074e+12,5.55358e+11,7.07083e+13
167.648,4.89377e+13,3.37096e+13,1.75309e+13,5.62159e+12,5.46735e+11,7.06982e+13
167.973,4.89418e+13,3.36649e+13,1.74693e+13,5.57243e+12,5.38112e+11,7.0688e+13
168.298,4.89458e+13,3.36202e+13,1.74077e+13,5.52328e+12,5.29489e+11,7.06778e+13
168.623,4.89498e+13,3.35755e+13,1.73462e+13,5.47412e+12,5.20866e+11,7.06676e+13
168.948,4.89539e+13,3.35308e+13,1.72846e+13,5.42497e+12,5.12243e+11,7.06574e+13
169.273,4.89579e+13,3.34861e+13,1.7223e+13,5.37581e+12,5.03621e+11,7.06472e+13
169.598,4.89619e+13,3.34414e+13,1.71615e+13,5.32666e+12,4.94998e+11,7.0637e+13
169.923,4.8966e+13,3.33967e+13,1.70999e+13,5.2775e+12,4.86375e+11,7.06269e+13
170.248,4.897e+13,3.3352e+13,1.70383e+13,5.22835e+12,4.77752e+11,7.06167e+13
170.572,4.8974e+13,3.33073e+13,1.69768e+13,5.17919e+12,4.69129e+11,7.06065e+13
170.897,4.89781e+13,3.32626e+13,1.69152e+13,5.13004e+12,4.60506e+11,7.05963e+13
171.222,4.92144e+13,3.33503e+13,1.68912e+13,5.07885e+12,4.50679e+11,7.09182e+13
171.547,4.95516e+13,3.34959e+13,1.68835e+13,5.02739e+12,4.40499e+11,7.13858e+13
171.872,4.98817e+13,3.36378e+13,1.68746e+13,4.97672e+12,4.3055e+11,7.18446e+13
172.197,5.02048e+13,3.37762e+13,1.68645e+13,4.9268e+12,4.20824e+11,7.22951e+13
172.522,5.05213e+13,3.39112e+13,1.68534e+13,4.87761e+12,4.11313e+11,7.27375e+13
172.847,5.08313e+13,3.4043e+13,1.68413e+13,4.82911e+12,4.02009e+11,7.3172e+13
173.172,5.11351e+13,3.41716e+13,1.68281e+13,4.78129e+12,3.92905e+11,7.35991e+13
173.497,5.14329e+13,3.42972e+13,1.68139e+13,4.73412e+12,3.83994e+11,7.40188e+13
173.822,5.17249e+13,3.44198e+13,1.67988e+13,4.68757e+12,3.75269e+11,7.44315e+13
174.146,5.20113e+13,3.45396e+13,1.67828e+13,4.64164e+12,3.66725e+11,7.48375e+13
174.471,5.22924e+13,3.46566e+13,1.67659e+13,4.59629e+12,3.58355e+11,7.52368e+13
174.796,5.25681e+13,3.4771e+13,1.67481e+13,4.55151e+12,3.50153e+11,7.56299e+13
175.121,5.28388e+13,3.48828e+13,1.67296e+13,4.50728e+12,3.42114e+11,7.60168e+13
175.446,5.31047e+13,3.49921e+13,1.67102e+13,4.46358e+12,3.34232e+11,7.63977e+13
175.771,5.33657e+13,3.5099e+13,1.669e+13,4.4204e+12,3.26503e+11,7.67729e+13
176.096,5.36222e+13,3.52036e+13,1.66691e+13,4.37771e+12,3.18922e+11,7.71426e+13
176.421,5.38743e+13,3.53059e+13,1.66475e+13,4.33551e+12,3.11484e+11,7.75068e+13
176.746,5.4122e+13,3.54061e+13,1.66251e+13,4.29377e+12,3.04184e+11,7.78658e+13
177.07,5.43656e+13,3.55041e+13,1.66021e+13,4.25249e+12,2.97019e+11,7.82198e+13
177.395,5.46051e+13,3.56001e+13,1.65785e+13,4.21164e+12,2.89984e+11,7.85688e+13
177.72,5.48407e+13,3.5694e+13,1.65541e+13,4.17122e+12,2.83075e+11,7.89131e+13
178.045,5.50725e+13,3.57861e+13,1.65292e+13,4.13122e+12,2.76289e+11,7.92528e+13
178.37,5.53005e+13,3.58762e+13,1.65037e+13,4.09162e+12,2.69622e+11,7.9588e+13
178.695,5.5525e+13,3.59646e+13,1.64775e+13,4.0524e+12,2.6307e+11,7.99188e+13
179.02,5.57461e+13,3.60511e+13,1.64508e+13,4.01357e+12,2.56631e+11,8.02455e+13
179.345,5.59637e+13,3.6136e+13,1.64236e+13,3.9751e+12,2.503e+11,8.0568e+13
179.67,5.62063e+13,3.62284e+13,1.63911e+13,3.92972e+12,2.42693e+11,8.09255e+13
179.995,5.64914e+13,3.63329e+13,1.63483e+13,3.87185e+12,2.32817e+11,8.13427e+13
180.319,5.67689e+13,3.64325e+13,1.63025e+13,3.81379e+12,2.23044e+11,8.17512e+13
180.644,5.70387e+13,3.65269e+13,1.62535e+13,3.75551e+12,2.13375e+11,8.21507e+13
180.969,5.73004e+13,3.66161e+13,1.62013e+13,3.69703e+12,2.03815e+11,8.25409e+13
181.294,5.75538e+13,3.66999e+13,1.61458e+13,3.63832e+12,1.94367e+11,8.29215e+13
181.619,5.77987e+13,3.67781e+13,1.60869e+13,3.57939e+12,1.85034e+11,8.32923e+13
181.944,5.80349e+13,3.68506e+13,1.60244e+13,3.52023e+12,1.75819e+11,8.36529e+13
182.269,5.8262e+13,3.69171e+13,1.59583e+13,3.46082e+12,1.66726e+11,8.4003e+13
182.594,5.84798e+13,3.69776e+13,1.58884e+13,3.40117e+12,1.57759e+11,8.43423e+13
182.919,5.86879e+13,3.70317e+13,1.58147e+13,3.34126e+12,1.48923e+11,8.46704e+13
183.244,5.88861e+13,3.70793e+13,1.57369e+13,3.28109e+12,1.4022e+11,8.4987e+13
183.568,5.9074e+13,3.71202e+13,1.56551e+13,3.22065e+12,1.31656e+11,8.52918e+13
183.893,5.92514e+13,3.71542e+13,1.55689e+13,3.15993e+12,1.23235e+11,8.55843e+13
184.218,5.94178e+13,3.7181e+13,1.54784e+13,3.09891e+12,1.14962e+11,8.58641e+13
184.543,5.95729e+13,3.72004e+13,1.53833e+13,3.0376e+12,1.06841e+11,8.61309e+13
184.868,5.97164e+13,3.72121e+13,1.52836e+13,2.97597e+12,9.88787e+10,8.63841e+13
185.193,5.98477e+13,3.7216e+13,1.51789e+13,2.91403e+12,9.10791e+10,8.66233e+13
185.518,5.99665e+13,3.72116e+13,1.50693e+13,2.85175e+12,8.34484e+10,8.6848e+13
185.843,6.00724e+13,3.71988e+13,1.49544e+13,2.78913e+12,7.59924e+10,8.70578e+13
186.168,6.01649e+13,3.71772e+13,1.48341e+13,2.72615e+12,6.87174e+10,8.7252e+13
186.493,6.02436e+13,3.71465e+13,1.47083e+13,2.66281e+12,6.16296e+10,8.74302e+13
186.818,6.03078e+13,3.71064e+13,1.45766e+13,2.59908e+12,5.47361e+10,8.75917e+13
187.142,6.03571e+13,3.70566e+13,1.4439e+13,2.53496e+12,4.80438e+10,8.77359e+13
187.467,6.0391e+13,3.69966e+13,1.42952e+13,2.47043e+12,4.15603e+10,8.78623e+13
187.792,6.04089e+13,3.69261e+13,1.41449e+13,2.40547e+12,3.52934e+10,8.797e+13
188.117,6.0455e+13,3.68761e+13,1.40057e+13,2.3447e+12,2.95565e+10,8.81193e+13
188.442,6.12996e+13,3.73846e+13,1.41837e+13,2.3672e+12,2.94506e+10,8.93476e+13
188.767,6.21392e+13,3.78909e+13,1.43623e+13,2.39019e+12,2.93936e+10,9.05674e+13
189.092,6.29739e+13,3.83951e+13,1.45417e+13,2.41364e+12,2.93837e+10,9.17789e+13
189.417,6.38039e+13,3.88973e+13,1.47216e+13,2.43755e+12,2.94191e+10,9.29824e+13
189.742,6.46294e+13,3.93974e+13,1.49021e+13,2.46189e+12,2.94983e+10,9.41783e+13
190.066,6.54505e+13,3.98957e+13,1.50832e+13,2.48664e+12,2.96198e+10,9.53667e+13
190.391,6.62674e+13,4.03922e+13,1.52649e+13,2.5118e+12,2.9782e+10,9.6548e+13
190.716,6.70802e+13,4.08869e+13,1.54471e+13,2.53735e+12,2.99835e+10,9.77224e+13
191.041,6.78891e+13,4.13798e+13,1.56298e+13,2.56328e+12,3.02231e+10,9.88901e+13
191.366,6.86943e+13,4.18712e+13,1.5813e+13,2.58957e+12,3.04993e+10,1.00051e+14
191.691,6.94957e+13,4.23609e+13,1.59967e+13,2.61621e+12,3.08111e+10,1.01207e+14
192.016,7.02936e+13,4.28491e+13,1.61809e+13,2.64319e+12,3.11572e+10,1.02356e+14
192.341,7.10881e+13,4.33358e+13,1.63655e+13,2.6705e+12,3.15365e+10,1.03499e+14
192.666,7.18792e+13,4.38211e+13,1.65506e+13,2.69813e+12,3.1948e+10,1.04636e+14
192.991,7.26672e+13,4.43049e+13,1.6736e+13,2.72607e+12,3.23905e+10,1.05768e+14
193.315,7.3452e+13,4.47874e+13,1.69219e+13,2.75431e+12,3.28632e+10,1.06895e+14
193.64,7.42338e+13,4.52686e+13,1.71082e+13,2.78283e+12,3.33651e+10,1.08017e+14
193.965,7.50127e+13,4.57485e+13,1.72949e+13,2.81164e+12,3.38953e+10,1.09134e+14
194.29,7.57888e+13,4.62272e+13,1.7482e+13,2.84072e+12,3.44528e+10,1.10246e+14
194.615,7.65621e+13,4.67047e+13,1.76694e+13,2.87006e+12,3.5037e+10,1.11353e+14
194.94,7.73327e+13,4.71811e+13,1.78571e+13,2.89965e+12,3.5647e+10,1.12456e+14
195.265,7.81008e+13,4.76563e+13,1.80452e+13,2.9295e+12,3.6282e+10,1.13554e+14
195.59,7.88663e+13,4.81304e+13,1.82337e+13,2.95958e+12,3.69412e+10,1.14648e+14
195.915,7.96294e+13,4.86035e+13,1.84224e+13,2.9899e+12,3.76241e+10,1.15738e+14
196.24,8.03902e+13,4.90755e+13,1.86115e+13,3.02045e+12,3.83298e+10,1.16824e+14
196.564,8.11486e+13,4.95466e+13,1.88009e+13,3.05121e+12,3.90578e+10,1.17906e+14
196.889,8.22085e+13,5.02248e+13,1.9112e+13,3.10552e+12,3.99021e+10,1.19371e+14
197.214,8.33801e+13,5.09794e+13,1.94675e+13,3.16846e+12,4.08274e+10,1.20978e+14
197.539,8.45557e+13,5.17367e+13,1.9824e+13,3.23171e+12,4.1805e+10,1.22591e+14
197.864,8.57355e+13,5.24968e+13,2.01817e+13,3.2953e+12,4.28366e+10,1.2421e+14
198.189,8.69196e+13,5.32596e+13,2.05405e+13,3.35922e+12,4.39238e+10,1.25836e+14
198.514,8.81083e+13,5.40254e+13,2.09005e+13,3.42349e+12,4.50683e+10,1.27468e+14
198.839,8.93015e+13,5.47942e+13,2.12617e+13,3.48812e+12,4.62718e+10,1.29107e+14
199.164,9.04995e+13,5.5566e+13,2.16241e+13,3.55312e+12,4.7536e+10,1.30753e+14
199.489,9.17024e+13,5.6341e+13,2.19878e+13,3.61851e+12,4.8863e+10,1.32406e+14
199.813,9.29103e+13,5.71193e+13,2.23529e+13,3.68428e+12,5.02546e+10,1.34067e+14
200.138,9.41235e+13,5.79009e+13,2.27193e+13,3.75047e+12,5.1713e+10,1.35735e+14
200.463,9.5342e+13,5.86861e+13,2.30872e+13,3.81707e+12,5.32403e+10,1.37411e+14
200.788,9.6566e+13,5.94748e+13,2.34565e+13,3.8841e+12,5.48386e+10,1.39095e+14
201.113,9.77958e+13,6.02673e+13,2.38273e+13,3.95159e+12,5.65104e+10,1.40788e+14
201.438,9.90315e+13,6.10636e+13,2.41996e+13,4.01953e+12,5.8258e+10,1.4249e+14
201.763,1.00273e+14,6.18639e+13,2.45736e+13,4.08796e+12,6.0084e+10,1.442e+14
202.088,1.01521e+14,6.26682e+13,2.49493e+13,4.15687e+12,6.19911e+10,1.4592e+14
202.413,1.02776e+14,6.34769e+13,2.53266e+13,4.2263e+12,6.3982e+10,1.4765e+14
202.738,1.04038e+14,6.42899e+13,2.57058e+13,4.29626e+12,6.60597e+10,1.49389e+14
203.062,1.05306e+14,6.51075e+13,2.60868e+13,4.36676e+12,6.82272e+10,1.51139e+14
203.387,1.06582e+14,6.59298e+13,2.64697e+13,4.43783e+12,7.04876e+10,1.529e+14
203.712,1.07865e+14,6.67569e+13,2.68546e+13,4.50948e+12,7.28443e+10,1.54671e+14
204.037,1.09156e+14,6.75891e+13,2.72415e+13,4.58175e+12,7.53009e+10,1.56454e+14
204.362,1.10455e+14,6.84266e+13,2.76306e+13,4.65464e+12,7.7861e+10,1.58249e+14
204.687,1.11763e+14,6.92695e+13,2.80219e+13,4.72819e+12,8.05284e+10,1.60057e+14
205.012,1.13079e+14,7.0118e+13,2.84155e+13,4.80242e+12,8.33072e+10,1.61877e+14
205.337,1.14653e+14,7.11317e+13,2.88995e+13,4.89496e+12,8.62505e+10,1.64059e+14
205.662,1.16543e+14,7.23468e+13,2.94956e+13,5.01019e+12,8.92811e+10,1.66686e+14
205.987,1.18393e+14,7.35353e+13,3.00784e+13,5.12308e+12,9.2292e+10,1.69259e+14
206.311,1.20203e+14,7.46982e+13,3.06483e+13,5.23369e+12,9.52842e+10,1.7178e+14
206.636,1.21976e+14,7.58363e+13,3.12059e+13,5.34212e+12,9.82583e+10,1.74251e+14
206.961,1.23712e+14,7.69507e+13,3.17515e+13,5.44844e+12,1.01215e+11,1.76673e+14
207.286,1.25413e+14,7.80421e+13,3.22856e+13,5.55273e+12,1.04155e+11,1.79048e+14
207.611,1.2708e+14,7.91113e+13,3.28086e+13,5.65505e+12,1.07078e+11,1.81378e+14
207.936,1.28714e+14,8.01591e+13,3.33208e+13,5.75548e+12,1.09986e+11,1.83665e+14
208.261,1.30317e+14,8.11862e+13,3.38227e+13,5.85407e+12,1.12878e+11,1.85909e+14
208.586,1.31889e+14,8.21934e+13,3.43145e+13,5.95089e+12,1.15756e+11,1.88113e+14
208.911,1.33432e+14,8.31812e+13,3.47966e+13,6.046e+12,1.1862e+11,1.90277e+14
209.236,1.34946e+14,8.41502e+13,3.52694e+13,6.13945e+12,1.21469e+11,1.92404e+14
209.561,1.36432e+14,8.51013e+13,3.57331e+13,6.23131e+12,1.24306e+11,1.94493e+14
209.885,1.37892e+14,8.60347e+13,3.6188e+13,6.32161e+12,1.2713e+11,1.96547e+14
210.21,1.39325e+14,8.69513e+13,3.66344e+13,6.41041e+12,1.29941e+11,1.98567e+14
210.535,1.40734e+14,8.78514e+13,3.70726e+13,6.49775e+12,1.3274e+11,2.00553e+14
210.86,1.42118e+14,8.87356e+13,3.75028e+13,6.58369e+12,1.35528e+11,2.02506e+14
211.185,1.43479e+14,8.96045e+13,3.79253e+13,6.66826e+12,1.38304e+11,2.04429e+14
211.51,1.44817e+14,9.04583e+13,3.83403e+13,6.75151e+12,1.41069e+11,2.06321e+14
211.835,1.46133e+14,9.12977e+13,3.8748e+13,6.83347e+12,1.43824e+11,2.08183e+14
212.16,1.47427e+14,9.2123e+13,3.91486e+13,6.91419e+12,1.46568e+11,2.10017e+14
212.485,1.487e+14,9.29346e+13,3.95425e+13,6.9937e+12,1.49302e+11,2.11823e+14
212.809,1.49953e+14,9.37331e+13,3.99296e+13,7.07204e+12,1.52027e+11,2.13602e+14
213.134,1.51187e+14,9.45186e+13,4.03104e+13,7.14924e+12,1.54742e+11,2.15355e+14
213.459,1.52401e+14,9.52917e+13,4.06848e+13,7.22533e+12,1.57448e+11,2.17082e+14
213.784,1.53608e+14,9.60597e+13,4.1057e+13,7.30088e+12,1.60033e+11,2.18801e+14
214.109,1.54902e+14,9.6881e+13,4.14579e+13,7.38056e+12,1.617e+11,2.20647e+14
214.434,1.56191e+14,9.76992e+13,4.18574e+13,7.46035e+12,1.63442e+11,2.22489e+14
214.759,1.57475e+14,9.8514e+13,4.22555e+13,7.54027e+12,1.65259e+11,2.24325e+14
215.084,1.58754e+14,9.93255e+13,4.26521e+13,7.62031e+12,1.67156e+11,2.26157e+14
215.409,1.60027e+14,1.00134e+14,4.30472e+13,7.70049e+12,1.69133e+11,2.27983e+14
215.734,1.61295e+14,1.00938e+14,4.34408e+13,7.78079e+12,1.71194e+11,2.29804e+14
216.059,1.62558e+14,1.01739e+14,4.38328e+13,7.86124e+12,1.7334e+11,2.31619e+14
216.383,1.63814e+14,1.02536e+14,4.42231e+13,7.94183e+12,1.75575e+11,2.33428e+14
216.708,1.65064e+14,1.03329e+14,4.46117e+13,8.02257e+12,1.77901e+11,2.35232e+14
217.033,1.66308e+14,1.04118e+14,4.49986e+13,8.10345e+12,1.80322e+11,2.37029e+14
217.358,1.67546e+14,1.04902e+14,4.53837e+13,8.1845e+12,1.82839e+11,2.3882e+14
217.683,1.68777e+14,1.05683e+14,4.57669e+13,8.26571e+12,1.85457e+11,2.40605e+14
218.008,1.70001e+14,1.06459e+14,4.61482e+13,8.34708e+12,1.88179e+11,2.42382e+14
218.333,1.71218e+14,1.0723e+14,4.65274e+13,8.42863e+12,1.91007e+11,2.44153e+14
218.658,1.72427e+14,1.07997e+14,4.69047e+13,8.51035e+12,1.93946e+11,2.45917e+14
218.983,1.73629e+14,1.08759e+14,4.72798e+13,8.59226e+12,1.96999e+11,2.47673e+14
219.307,1.74824e+14,1.09516e+14,4.76527e+13,8.67435e+12,2.00171e+11,2.49422e+14
219.632,1.7601e+14,1.10267e+14,4.80233e+13,8.75665e+12,2.03464e+11,2.51162e+14
219.957,1.77188e+14,1.11013e+14,4.83916e+13,8.83915e+12,2.06884e+11,2.52895e+14
220.282,1.78357e+14,1.11753e+14,4.87575e+13,8.92186e+12,2.10435e+11,2.54619e+14
220.607,1.79517e+14,1.12488e+14,4.91208e+13,9.00479e+12,2.14122e+11,2.56334e+14
220.932,1.80668e+14,1.13217e+14,4.94815e+13,9.08794e+12,2.17949e+11,2.5804e+14
221.257,1.81809e+14,1.13939e+14,4.98395e+13,9.17133e+12,2.21921e+11,2.59736e+14
221.582,1.8294e+14,1.14655e+14,5.01947e+13,9.25496e+12,2.26045e+11,2.61423e+14
221.907,1.84061e+14,1.15364e+14,5.0547e+13,9.33885e+12,2.30325e+11,2.631e+14
222.232,1.85171e+14,1.16066e+14,5.08962e+13,9.423e+12,2.34768e+11,2.64766e+14
222.556,1.85512e+14,1.16287e+14,5.10416e+13,9.53353e+12,2.74992e+11,2.65552e+14
222.881,1.85622e+14,1.16368e+14,5.113e+13,9.65447e+12,3.26735e+11,2.66068e+14
223.206,1.85703e+14,1.16435e+14,5.12151e+13,9.77907e+12,3.80639e+11,2.66542e+14
223.531,1.85756e+14,1.16488e+14,5.1297e+13,9.90721e+12,4.36628e+11,2.66975e+14
223.856,1.85781e+14,1.16529e+14,5.13759e+13,1.00388e+13,4.94626e+11,2.6737e+14
224.181,1.8578e+14,1.16557e+14,5.14517e+13,1.01736e+13,5.54562e+11,2.67727e+14
224.506,1.85754e+14,1.16573e+14,5.15247e+13,1.03116e+13,6.16369e+11,2.68049e+14
224.831,1.85703e+14,1.16578e+14,5.15949e+13,1.04527e+13,6.79981e+11,2.68335e+14
225.156,1.85628e+14,1.16571e+14,5.16624e+13,1.05968e+13,7.45338e+11,2.68588e+14
225.481,1.85531e+14,1.16553e+14,5.17274e+13,1.07437e+13,8.1238e+11,2.68808e+14
225.805,1.85411e+14,1.16525e+14,5.17898e+13,1.08933e+13,8.81049e+11,2.68997e+14
226.13,1.8527e+14,1.16487e+14,5.18498e+13,1.10457e+13,9.51295e+11,2.69156e+14
226.455,1.85108e+14,1.16439e+14,5.19075e+13,1.12006e+13,1.02306e+12,2.69285e+14
226.78,1.84926e+14,1.16382e+14,5.19629e+13,1.1358e+13,1.09631e+12,2.69385e+14
227.105,1.84725e+14,1.16315e+14,5.20162e+13,1.15179e+13,1.17097e+12,2.69459e+14
227.43,1.84505e+14,1.1624e+14,5.20673e+13,1.16801e+13,1.24703e+12,2.69505e+14
227.755,1.84267e+14,1.16156e+14,5.21163e+13,1.18446e+13,1.32442e+12,2.69526e+14
228.08,1.84011e+14,1.16063e+14,5.21634e+13,1.20112e+13,1.4031e+12,2.69521e+14
228.405,1.83738e+14,1.15963e+14,5.22085e+13,1.218e+13,1.48304e+12,2.69493e+14
228.73,1.83448e+14,1.15854e+14,5.22518e+13,1.23509e+13,1.56421e+12,2.6944e+14
229.055,1.83143e+14,1.15738e+14,5.22932e+13,1.25238e+13,1.64655e+12,2.69365e+14
229.379,1.82822e+14,1.15615e+14,5.23329e+13,1.26986e+13,1.73004e+12,2.69268e+14
229.704,1.82485e+14,1.15485e+14,5.23708e+13,1.28753e+13,1.81465e+12,2.6915e+14
230.029,1.82134e+14,1.15347e+14,5.24072e+13,1.30539e+13,1.90033e+12,2.6901e+14
230.354,1.81769e+14,1.15203e+14,5.24419e+13,1.32342e+13,1.98707e+12,2.68851e+14
230.679,1.8139e+14,1.15052e+14,5.2475e+13,1.34163e+13,2.07482e+12,2.68671e+14
231.004,1.81072e+14,1.1495e+14,5.25338e+13,1.36162e+13,2.17126e+12,2.68583e+14
231.329,1.80811e+14,1.14896e+14,5.26221e+13,1.38406e+13,2.2795e+12,2.68582e+14
231.654,1.80516e+14,1.14828e+14,5.271e+13,1.40734e+13,2.39191e+12,2.68543e+14
231.979,1.80188e+14,1.14746e+14,5.27973e+13,1.43148e+13,2.5086e+12,2.68463e+14
232.303,1.79824e+14,1.1465e+14,5.28841e+13,1.45652e+13,2.6297e+12,2.68341e+14
232.628,1.79424e+14,1.14539e+14,5.29705e+13,1.48247e+13,2.75534e+12,2.68177e+14
232.953,1.78987e+14,1.14412e+14,5.30562e+13,1.50937e+13,2.88568e+12,2.67968e+14
233.278,1.78511e+14,1.14269e+14,5.31414e+13,1.53725e+13,3.02083e+12,2.67713e+14
233.603,1.77996e+14,1.1411e+14,5.32261e+13,1.56614e+13,3.16097e+12,2.67412e+14
233.928,1.7744e+14,1.13934e+14,5.33101e+13,1.59606e+13,3.30623e+12,2.67062e+14
234.253,1.76842e+14,1.1374e+14,5.33935e+13,1.62705e+13,3.4568e+12,2.66662e+14
234.578,1.76201e+14,1.13529e+14,5.34763e+13,1.65915e+13,3.61283e+12,2.66211e+14
234.903,1.75514e+14,1.13299e+14,5.35585e+13,1.69239e+13,3.77449e+12,2.65706e+14
235.228,1.74782e+14,1.13049e+14,5.364e+13,1.72681e+13,3.94199e+12,2.65146e+14
235.552,1.74001e+14,1.1278e+14,5.37208e+13,1.76244e+13,4.1155e+12,2.64529e+14
235.877,1.73171e+14,1.1249e+14,5.38008e+13,1.79933e+13,4.29523e+12,2.63854e+14
236.202,1.7229e+14,1.1218e+14,5.38802e+13,1.83752e+13,4.48139e+12,2.63117e+14
236.527,1.71356e+14,1.11847e+14,5.39587e+13,1.87706e+13,4.6742e+12,2.62318e+14
236.852,1.70367e+14,1.11491e+14,5.40365e+13,1.91799e+13,4.87388e+12,2.61454e+14
237.177,1.69322e+14,1.11112e+14,5.41134e+13,1.96035e+13,5.08069e+12,2.60523e+14
237.502,1.68218e+14,1.10709e+14,5.41895e+13,2.00421e+13,5.29487e+12,2.59522e+14
237.827,1.67053e+14,1.1028e+14,5.42647e+13,2.04961e+13,5.51668e+12,2.58449e+14
238.152,1.65826e+14,1.09826e+14,5.4339e+13,2.09661e+13,5.7464e+12,2.57301e+14
238.477,1.64533e+14,1.09344e+14,5.44124e+13,2.14527e+13,5.98433e+12,2.56076e+14
238.801,1.63173e+14,1.08834e+14,5.44848e+13,2.19564e+13,6.23076e+12,2.5477e+14
239.126,1.61742e+14,1.08295e+14,5.45561e+13,2.24781e+13,6.48602e+12,2.53381e+14
239.451,1.60237e+14,1.07692e+14,5.45825e+13,2.29617e+13,6.72599e+12,2.51831e+14
239.776,1.58699e+14,1.06899e+14,5.4373e+13,2.31472e+13,6.8371e+12,2.49853e+14
240.101,1.57175e+14,1.06109e+14,5.41614e+13,2.33246e+13,6.94413e+12,2.47884e+14
240.426,1.55666e+14,1.05325e+14,5.39477e+13,2.34942e+13,7.04724e+12,2.45926e+14
240.751,1.54171e+14,1.04544e+14,5.37321e+13,2.36563e+13,7.14658e+12,2.43978e+14
241.076,1.5269e+14,1.03767e+14,5.35146e+13,2.38111e+13,7.24226e+12,2.42039e+14
241.401,1.51222e+14,1.02995e+14,5.32952e+13,2.39589e+13,7.33444e+12,2.40109e+14
241.726,1.49766e+14,1.02226e+14,5.3074e+13,2.41e+13,7.42322e+12,2.38188e+14
242.051,1.48322e+14,1.01461e+14,5.28512e+13,2.42345e+13,7.50873e+12,2.36275e+14
242.375,1.46889e+14,1.007e+14,5.26267e+13,2.43628e+13,7.59107e+12,2.3437e+14
242.7,1.45468e+14,9.99415e+13,5.24006e+13,2.4485e+13,7.67035e+12,2.32474e+14
243.025,1.44058e+14,9.91867e+13,5.21729e+13,2.46012e+13,7.74668e+12,2.30584e+14
243.35,1.42659e+14,9.84351e+13,5.19438e+13,2.47118e+13,7.82014e+12,2.28702e+14
243.675,1.41269e+14,9.76867e+13,5.17132e+13,2.48169e+13,7.89085e+12,2.26828e+14
244,1.3989e+14,9.69413e+13,5.14812e+13,2.49167e+13,7.95887e+12,2.2496e+14
244.325,1.3852e+14,9.61988e+13,5.12478e+13,2.50113e+13,8.02431e+12,2.23099e+14
244.65,1.37159e+14,9.54591e+13,5.10132e+13,2.51009e+13,8.08723e+12,2.21244e+14
244.975,1.35808e+14,9.47221e+13,5.07772e+13,2.51856e+13,8.14773e+12,2.19395e+14
245.299,1.34464e+14,9.39878e+13,5.05401e+13,2.52657e+13,8.20587e+12,2.17553e+14
245.624,1.3313e+14,9.3256e+13,5.03017e+13,2.53412e+13,8.26172e+12,2.15716e+14
245.949,1.31803e+14,9.25268e+13,5.00622e+13,2.54124e+13,8.31536e+12,2.13885e+14
246.274,1.30485e+14,9.17999e+13,4.98216e+13,2.54792e+13,8.36685e+12,2.1206e+14
246.599,1.29174e+14,9.10754e+13,4.95799e+13,2.55419e+13,8.41625e+12,2.1024e+14
246.924,1.27871e+14,9.03532e+13,4.93371e+13,2.56006e+13,8.46364e+12,2.08425e+14
247.249,1.26575e+14,8.96332e+13,4.90933e+13,2.56553e+13,8.50905e+12,2.06615e+14
247.574,1.25285e+14,8.89153e+13,4.88485e+13,2.57063e+13,8.55256e+12,2.0481e+14
247.899,1.24003e+14,8.81995e+13,4.86028e+13,2.57535e+13,8.59422e+12,2.0301e+14
248.224,1.2331e+14,8.76498e+13,4.82767e+13,2.55576e+13,8.52325e+12,2.01895e+14
248.548,1.22702e+14,8.7118e+13,4.79316e+13,2.53172e+13,8.43188e+12,2.00871e+14
248.873,1.22067e+14,8.65716e+13,4.75818e+13,2.50775e+13,8.34112e+12,1.99805e+14
249.198,1.21403e+14,8.60101e+13,4.72273e+13,2.48387e+13,8.25098e+12,1.98696e+14
249.523,1.2071e+14,8.54332e+13,4.68678e+13,2.46007e+13,8.16147e+12,1.97542e+14
249.848,1.19987e+14,8.48403e+13,4.65033e+13,2.43636e+13,8.07261e+12,1.96343e+14
250.173,1.19233e+14,8.42309e+13,4.61335e+13,2.41274e+13,7.98443e+12,1.95096e+14
250.498,1.18447e+14,8.36046e+13,4.57584e+13,2.3892e+13,7.89694e+12,1.93801e+14
250.823,1.17628e+14,8.29609e+13,4.53777e+13,2.36577e+13,7.81016e+12,1.92455e+14
251.148,1.16775e+14,8.22991e+13,4.49914e+13,2.34243e+13,7.72413e+12,1.91058e+14
251.473,1.15886e+14,8.16188e+13,4.45991e+13,2.31919e+13,7.63886e+12,1.89607e+14
251.798,1.14962e+14,8.09192e+13,4.42007e+13,2.29606e+13,7.55437e+12,1.88101e+14
252.122,1.14e+14,8.01998e+13,4.37961e+13,2.27303e+13,7.47069e+12,1.86538e+14
252.447,1.13e+14,7.946e+13,4.33849e+13,2.25012e+13,7.38786e+12,1.84916e+14
252.772,1.1196e+14,7.8699e+13,4.29671e+13,2.22732e+13,7.30589e+12,1.83234e+14
253.097,1.10879e+14,7.79162e+13,4.25423e+13,2.20464e+13,7.22481e+12,1.81489e+14
253.422,1.09755e+14,7.71108e+13,4.21103e+13,2.18208e+13,7.14466e+12,1.79679e+14
253.747,1.08586e+14,7.6282e+13,4.16709e+13,2.15964e+13,7.06547e+12,1.77802e+14
254.072,1.07373e+14,7.5429e+13,4.12239e+13,2.13734e+13,6.98727e+12,1.75855e+14
254.397,1.06112e+14,7.4551e+13,4.07689e+13,2.11518e+13,6.91009e+12,1.73837e+14
254.722,1.04802e+14,7.36471e+13,4.03057e+13,2.09315e+13,6.83398e+12,1.71744e+14
255.046,1.03441e+14,7.27164e+13,3.98339e+13,2.07127e+13,6.75896e+12,1.69574e+14
255.371,1.02028e+14,7.17578e+13,3.93534e+13,2.04954e+13,6.68509e+12,1.67324e+14
255.696,1.00561e+14,7.07703e+13,3.88636e+13,2.02797e+13,6.6124e+12,1.64991e+14
256.021,9.90371e+13,6.9753e+13,3.83644e+13,2.00656e+13,6.54093e+12,1.62572e+14
256.346,9.74546e+13,6.87045e+13,3.78553e+13,1.98532e+13,6.47074e+12,1.60064e+14
256.671,9.61517e+13,6.77443e+13,3.73538e+13,1.95608e+13,6.3655e+12,1.57725e+14
256.996,9.51406e+13,6.6892e+13,3.68738e+13,1.92054e+13,6.23247e+12,1.55609e+14
257.321,9.41298e+13,6.60489e+13,3.6404e+13,1.88629e+13,6.1053e+12,1.53507e+14
257.646,9.31191e+13,6.52147e+13,3.5944e+13,1.85329e+13,5.98378e+12,1.51417e+14
257.971,9.21087e+13,6.43891e+13,3.54935e+13,1.8215e+13,5.8677e+12,1.49341e+14
258.296,9.10984e+13,6.35718e+13,3.50521e+13,1.79087e+13,5.75687e+12,1.47276e+14
258.62,9.00884e+13,6.27624e+13,3.46195e+13,1.76135e+13,5.65111e+12,1.45223e+14
258.945,8.90785e+13,6.19607e+13,3.41954e+13,1.73292e+13,5.55024e+12,1.43181e+14
259.27,8.80688e+13,6.11665e+13,3.37796e+13,1.70553e+13,5.4541e+12,1.41151e+14
259.595,8.70593e+13,6.03795e+13,3.33716e+13,1.67914e+13,5.36251e+12,1.39131e+14
259.92,8.605e+13,5.95994e+13,3.29714e+13,1.65374e+13,5.27534e+12,1.37121e+14
260.245,8.50409e+13,5.8826e+13,3.25785e+13,1.62927e+13,5.19243e+12,1.35121e+14
260.57,8.40319e+13,5.80591e+13,3.21929e+13,1.60572e+13,5.11365e+12,1.3313e+14
260.895,8.3023e+13,5.72985e+13,3.18141e+13,1.58304e+13,5.03885e+12,1.31149e+14
261.22,8.20143e+13,5.65439e+13,3.14421e+13,1.56123e+13,4.96792e+12,1.29177e+14
261.544,8.10058e+13,5.57953e+13,3.10766e+13,1.54023e+13,4.90073e+12,1.27213e+14
261.869,7.99974e+13,5.50523e+13,3.07174e+13,1.52004e+13,4.83716e+12,1.25258e+14
262.194,7.89891e+13,5.43149e+13,3.03643e+13,1.50062e+13,4.77709e+12,1.2331e+14
262.519,7.79809e+13,5.35829e+13,3.00171e+13,1.48196e+13,4.72044e+12,1.21371e+14
262.844,7.69729e+13,5.2856e+13,2.96757e+13,1.46402e+13,4.66707e+12,1.19439e+14
263.169,7.5965e+13,5.21342e+13,2.93398e+13,1.44679e+13,4.61691e+12,1.17515e+14
263.494,7.49573e+13,5.14172e+13,2.90093e+13,1.43025e+13,4.56985e+12,1.15598e+14
263.819,7.39496e+13,5.0705e+13,2.86841e+13,1.41437e+13,4.5258e+12,1.13688e+14
264.144,7.29421e+13,4.99974e+13,2.83639e+13,1.39914e+13,4.48467e+12,1.11784e+14
264.469,7.19346e+13,4.92943e+13,2.80487e+13,1.38453e+13,4.44638e+12,1.09887e+14
264.793,7.09273e+13,4.85955e+13,2.77382e+13,1.37054e+13,4.41085e+12,1.07997e+14
265.118,6.99944e+13,4.79375e+13,2.74426e+13,1.35662e+13,4.3755e+12,1.06218e+14
265.443,6.93276e+13,4.74128e+13,2.71855e+13,1.34121e+13,4.33299e+12,1.04819e+14
265.768,6.86401e+13,4.68782e+13,2.69261e+13,1.32608e+13,4.29246e+12,1.0339e+14
266.093,6.79311e+13,4.63336e+13,2.66644e+13,1.31125e+13,4.25397e+12,1.01931e+14
266.418,6.72e+13,4.57786e+13,2.64004e+13,1.29673e+13,4.21758e+12,1.00439e+14
266.743,6.64461e+13,4.5213e+13,2.61339e+13,1.28253e+13,4.18334e+12,9.89148e+13
267.068,6.56688e+13,4.46363e+13,2.58648e+13,1.26865e+13,4.15134e+12,9.73569e+13
267.393,6.48674e+13,4.40482e+13,2.55932e+13,1.2551e+13,4.12163e+12,9.57642e+13
267.718,6.4041e+13,4.34485e+13,2.53188e+13,1.24191e+13,4.09429e+12,9.41357e+13
268.042,6.3189e+13,4.28367e+13,2.50417e+13,1.22906e+13,4.06938e+12,9.24704e+13
268.367,6.23105e+13,4.22124e+13,2.47618e+13,1.21659e+13,4.04699e+12,9.07669e+13
268.692,6.14046e+13,4.15753e+13,2.44789e+13,1.2045e+13,4.0272e+12,8.90241e+13
269.017,6.04706e+13,4.09249e+13,2.41929e+13,1.1928e+13,4.01009e+12,8.72408e+13
269.342,5.95074e+13,4.02609e+13,2.39038e+13,1.1815e+13,3.99575e+12,8.54155e+13
269.667,5.85141e+13,3.95827e+13,2.36115e+13,1.17062e+13,3.98427e+12,8.3547e+13
269.992,5.74897e+13,3.88899e+13,2.33158e+13,1.16018e+13,3.97574e+12,8.16338e+13
270.317,5.64331e+13,3.8182e+13,2.30166e+13,1.15018e+13,3.97027e+12,7.96744e+13
270.642,5.53433e+13,3.74584e+13,2.27139e+13,1.14064e+13,3.96795e+12,7.76671e+13
270.967,5.42191e+13,3.67188e+13,2.24074e+13,1.13158e+13,3.96891e+12,7.56104e+13
271.292,5.30594e+13,3.59623e+13,2.20971e+13,1.12302e+13,3.97324e+12,7.35026e+13
271.616,5.18628e+13,3.51886e+13,2.17829e+13,1.11497e+13,3.98107e+12,7.13418e+13
271.941,5.0628e+13,3.4397e+13,2.14645e+13,1.10744e+13,3.99253e+12,6.91261e+13
272.266,4.93537e+13,3.35868e+13,2.11418e+13,1.10047e+13,4.00775e+12,6.68536e+13
272.591,4.80384e+13,3.27573e+13,2.08148e+13,1.09407e+13,4.02686e+12,6.45222e+13
272.916,4.66806e+13,3.19078e+13,2.04831e+13,1.08825e+13,4.05e+12,6.21296e+13
273.241,4.52787e+13,3.10377e+13,2.01467e+13,1.08305e+13,4.07734e+12,5.96737e+13
273.566,4.38311e+13,3.0146e+13,1.98054e+13,1.07849e+13,4.10902e+12,5.7152e+13
273.891,4.28418e+13,2.95564e+13,1.95369e+13,1.07524e+13,4.1455e+12,5.562e+13
274.216,4.19243e+13,2.90115e+13,1.92786e+13,1.07187e+13,4.18028e+12,5.42356e+13
274.54,4.10219e+13,2.84747e+13,1.90216e+13,1.06824e+13,4.21304e+12,5.28784e+13
274.865,4.01341e+13,2.79455e+13,1.8766e+13,1.06438e+13,4.24385e+12,5.15473e+13
275.19,3.92602e+13,2.74238e+13,1.85115e+13,1.0603e+13,4.2728e+12,5.02416e+13
275.515,3.84e+13,2.69093e+13,1.82583e+13,1.05599e+13,4.29994e+12,4.89602e+13
275.84,3.75528e+13,2.64017e+13,1.80063e+13,1.05147e+13,4.32533e+12,4.77024e+13
276.165,3.67183e+13,2.59007e+13,1.77553e+13,1.04674e+13,4.34904e+12,4.64672e+13
276.49,3.58959e+13,2.54062e+13,1.75055e+13,1.04182e+13,4.37113e+12,4.5254e+13
276.815,3.50853e+13,2.4918e+13,1.72567e+13,1.0367e+13,4.39164e+12,4.4062e+13
277.14,3.4286e+13,2.44357e+13,1.70088e+13,1.0314e+13,4.41063e+12,4.28905e+13
277.465,3.34978e+13,2.39593e+13,1.6762e+13,1.02592e+13,4.42816e+12,4.17388e+13
277.789,3.27203e+13,2.34885e+13,1.65161e+13,1.02027e+13,4.44427e+12,4.06062e+13
278.114,3.1953e+13,2.30232e+13,1.62711e+13,1.01444e+13,4.459e+12,3.94923e+13
278.439,3.11957e+13,2.25631e+13,1.6027e+13,1.00846e+13,4.4724e+12,3.83962e+13
278.764,3.0448e+13,2.21082e+13,1.57838e+13,1.00232e+13,4.48451e+12,3.73175e+13
279.089,2.97098e+13,2.16582e+13,1.55414e+13,9.96027e+12,4.49537e+12,3.62557e+13
279.414,2.89806e+13,2.1213e+13,1.52998e+13,9.89586e+12,4.50502e+12,3.52102e+13
279.739,2.82601e+13,2.07725e+13,1.5059e+13,9.83003e+12,4.51351e+12,3.41805e+13
280.064,2.75482e+13,2.03364e+13,1.48189e+13,9.7628e+12,4.52085e+12,3.31662e+13
280.389,2.68446e+13,1.99048e+13,1.45795e+13,9.69423e+12,4.52709e+12,3.21667e+13
280.714,2.61489e+13,1.94774e+13,1.43409e+13,9.62436e+12,4.53226e+12,3.11817e+13
281.039,2.54611e+13,1.90541e+13,1.4103e+13,9.55322e+12,4.5364e+12,3.02107e+13
281.363,2.47808e+13,1.86348e+13,1.38657e+13,9.48085e+12,4.53952e+12,2.92533e+13
281.688,2.41079e+13,1.82194e+13,1.36291e+13,9.40729e+12,4.54167e+12,2.8309e+13
282.013,2.34421e+13,1.78077e+13,1.33931e+13,9.33256e+12,4.54286e+12,2.73776e+13
282.338,2.2865e+13,1.74457e+13,1.31933e+13,9.26774e+12,4.54032e+12,2.65548e+13
282.663,2.2345e+13,1.71148e+13,1.30167e+13,9.20855e+12,4.53469e+12,2.58016e+13
282.988,2.18199e+13,1.67801e+13,1.28361e+13,9.14658e+12,4.52798e+12,2.50444e+13
283.313,2.12897e+13,1.64415e+13,1.26515e+13,9.08175e+12,4.52013e+12,2.42834e+13
283.638,2.07541e+13,1.60989e+13,1.24628e+13,9.01398e+12,4.51113e+12,2.35183e+13
283.963,2.0213e+13,1.5752e+13,1.22698e+13,8.94316e+12,4.50093e+12,2.2749e+13
284.288,1.96662e+13,1.54009e+13,1.20725e+13,8.86921e+12,4.4895e+12,2.19754e+13
284.612,1.91136e+13,1.50453e+13,1.18706e+13,8.79204e+12,4.4768e+12,2.11974e+13
284.937,1.8555e+13,1.46851e+13,1.16641e+13,8.71154e+12,4.46279e+12,2.04148e+13
285.262,1.79902e+13,1.43202e+13,1.14528e+13,8.62761e+12,4.44744e+12,1.96274e+13
285.587,1.74189e+13,1.39504e+13,1.12366e+13,8.54015e+12,4.43069e+12,1.88352e+13
285.912,1.68411e+13,1.35757e+13,1.10152e+13,8.44903e+12,4.4125e+12,1.8038e+13
286.237,1.62563e+13,1.31957e+13,1.07886e+13,8.35413e+12,4.39283e+12,1.72356e+13
286.562,1.56646e+13,1.28103e+13,1.05565e+13,8.25535e+12,4.37163e+12,1.64278e+13
286.887,1.50656e+13,1.24195e+13,1.03188e+13,8.15254e+12,4.34884e+12,1.56145e+13
287.212,1.4459e+13,1.20229e+13,1.00753e+13,8.04558e+12,4.32442e+12,1.47955e+13
287.536,1.38446e+13,1.16203e+13,9.82579e+12,7.93431e+12,4.29831e+12,1.39706e+13
287.861,1.32222e+13,1.12117e+13,9.57005e+12,7.8186e+12,4.27045e+12,1.31395e+13
288.186,1.25915e+13,1.07968e+13,9.30787e+12,7.6983e+12,4.24078e+12,1.23021e+13
288.511,1.19521e+13,1.03752e+13,9.03904e+12,7.57323e+12,4.20924e+12,1.14582e+13
288.836,1.13038e+13,9.94696e+12,8.76331e+12,7.44323e+12,4.17576e+12,1.06075e+13
289.161,1.06463e+13,9.51164e+12,8.48045e+12,7.30813e+12,4.14027e+12,9.74976e+12
289.486,9.97913e+12,9.06904e+12,8.19018e+12,7.16774e+12,4.1027e+12,8.88475e+12
289.811,9.30205e+12,8.61889e+12,7.89224e+12,7.02186e+12,4.06297e+12,8.01217e+12
290.136,8.61469e+12,8.16091e+12,7.58635e+12,6.8703e+12,4.021e+12,7.13178e+12
290.461,7.91661e+12,7.6948e+12,7.2722e+12,6.71283e+12,3.97671e+12,6.24326e+12
290.785,7.3394e+12,7.29445e+12,6.98822e+12,6.55168e+12,3.92008e+12,5.53692e+12
291.11,7.1307e+12,7.10134e+12,6.81183e+12,6.39691e+12,3.83561e+12,5.36417e+12
291.435,6.92702e+12,6.91244e+12,6.63908e+12,6.245e+12,3.75249e+12,5.19618e+12
291.76,6.72817e+12,6.72761e+12,6.46984e+12,6.09585e+12,3.67068e+12,5.0328e+12
292.085,6.53397e+12,6.54669e+12,6.30398e+12,5.94934e+12,3.59012e+12,4.87384e+12
292.41,6.34426e+12,6.36955e+12,6.14137e+12,5.8054e+12,3.51078e+12,4.71915e+12
292.735,6.15888e+12,6.19606e+12,5.98192e+12,5.66393e+12,3.43261e+12,4.56859e+12
293.06,5.97769e+12,6.02608e+12,5.8255e+12,5.52485e+12,3.35557e+12,4.422e+12
293.385,5.80053e+12,5.85951e+12,5.67202e+12,5.38807e+12,3.27962e+12,4.27926e+12
293.71,5.62727e+12,5.69621e+12,5.52136e+12,5.2535e+12,3.20473e+12,4.14022e+12
294.034,5.45778e+12,5.53607e+12,5.37344e+12,5.12109e+12,3.13085e+12,4.00477e+12
294.359,5.29194e+12,5.37902e+12,5.22817e+12,4.99076e+12,3.05796e+12,3.87279e+12
294.684,5.12961e+12,5.22491e+12,5.08545e+12,4.86243e+12,2.98602e+12,3.74415e+12
295.009,4.97069e+12,5.07368e+12,4.94521e+12,4.73604e+12,2.915e+12,3.61876e+12
295.334,4.81508e+12,4.92523e+12,4.80737e+12,4.61155e+12,2.84488e+12,3.49652e+12
295.659,4.66266e+12,4.77946e+12,4.67185e+12,4.48887e+12,2.77562e+12,3.3773e+12
295.984,4.51333e+12,4.63629e+12,4.53857e+12,4.36795e+12,2.70719e+12,3.26104e+12
296.309,4.367e+12,4.49565e+12,4.40747e+12,4.24874e+12,2.63958e+12,3.14762e+12
296.634,4.22358e+12,4.35745e+12,4.27848e+12,4.13119e+12,2.57275e+12,3.03697e+12
296.959,4.08296e+12,4.22162e+12,4.15153e+12,4.01524e+12,2.50668e+12,2.929e+12
297.284,3.94509e+12,4.08808e+12,4.02657e+12,3.90086e+12,2.44135e+12,2.82362e+12
297.608,3.80986e+12,3.95678e+12,3.90353e+12,3.78798e+12,2.37674e+12,2.72077e+12
297.933,3.67719e+12,3.82763e+12,3.78236e+12,3.67656e+12,2.31282e+12,2.62036e+12
298.258,3.54703e+12,3.70059e+12,3.663e+12,3.56658e+12,2.24958e+12,2.52233e+12
298.583,3.41929e+12,3.57558e+12,3.54539e+12,3.45796e+12,2.18698e+12,2.42659e+12
298.908,3.2939e+12,3.45256e+12,3.4295e+12,3.3507e+12,2.12503e+12,2.3331e+12
299.233,3.17079e+12,3.33145e+12,3.31527e+12,3.24473e+12,2.0637e+12,2.24179e+12
299.558,3.06141e+12,3.22927e+12,3.22081e+12,3.16119e+12,2.01651e+12,2.15057e+12
299.883,2.95284e+12,3.12786e+12,3.12703e+12,3.07826e+12,1.96963e+12,2.05989e+12
300.208,2.84438e+12,3.02619e+12,3.03285e+12,2.99469e+12,1.92223e+12,1.96983e+12
300.533,2.73603e+12,2.92428e+12,2.93825e+12,2.91047e+12,1.87432e+12,1.88042e+12
300.857,2.62781e+12,2.82211e+12,2.84323e+12,2.82558e+12,1.82588e+12,1.79167e+12
301.182,2.51971e+12,2.71966e+12,2.74777e+12,2.74e+12,1.77688e+12,1.7036e+12
301.507,2.41174e+12,2.61694e+12,2.65186e+12,2.65371e+12,1.72731e+12,1.61623e+12
301.832,2.3039e+12,2.51394e+12,2.55549e+12,2.56669e+12,1.67717e+12,1.52958e+12
302.157,2.19619e+12,2.41064e+12,2.45863e+12,2.47891e+12,1.62641e+12,1.44369e+12
302.482,2.08862e+12,2.30704e+12,2.36128e+12,2.39035e+12,1.57504e+12,1.35856e+12
302.807,1.9812e+12,2.20313e+12,2.26342e+12,2.30099e+12,1.52302e+12,1.27423e+12
303.132,1.87392e+12,2.0989e+12,2.16503e+12,2.2108e+12,1.47034e+12,1.19071e+12
303.457,1.7668e+12,1.99433e+12,2.06609e+12,2.11974e+12,1.41698e+12,1.10805e+12
303.781,1.65984e+12,1.88942e+12,1.9666e+12,2.02781e+12,1.36291e+12,1.02626e+12
304.106,1.55304e+12,1.78415e+12,1.86652e+12,1.93495e+12,1.30811e+12,9.4537e+11
304.431,1.44642e+12,1.67852e+12,1.76585e+12,1.84116e+12,1.25255e+12,8.65419e+11
304.756,1.33996e+12,1.57251e+12,1.66455e+12,1.74638e+12,1.19622e+12,7.86431e+11
305.081,1.23369e+12,1.4661e+12,1.56261e+12,1.65059e+12,1.13907e+12,7.08442e+11
305.406,1.12761e+12,1.3593e+12,1.46001e+12,1.55375e+12,1.0811e+12,6.3149e+11
305.731,1.02171e+12,1.25206e+12,1.35672e+12,1.45583e+12,1.02226e+12,5.55604e+11
306.056,9.16023e+11,1.14439e+12,1.25271e+12,1.35679e+12,9.62518e+11,4.80827e+11
306.381,8.10545e+11,1.03628e+12,1.14798e+12,1.25658e+12,9.01856e+11,4.07201e+11
306.706,7.05278e+11,9.27691e+11,1.04247e+12,1.15517e+12,8.40229e+11,3.34762e+11
307.031,6.00234e+11,8.18619e+11,9.3617e+11,1.05251e+12,7.77605e+11,2.63557e+11
307.355,4.95428e+11,7.09048e+11,8.29052e+11,9.48558e+11,7.13951e+11,1.93635e+11
307.68,3.90857e+11,5.98951e+11,7.21076e+11,8.43255e+11,6.4922e+11,1.25038e+11
308.005,3.45941e+11,5.48237e+11,6.69016e+11,7.90397e+11,6.14615e+11,9.85518e+10
308.33,3.35953e+11,5.32709e+11,6.50296e+11,7.69101e+11,5.98342e+11,9.61609e+10
308.655,3.26237e+11,5.17572e+11,6.32016e+11,7.48299e+11,5.82446e+11,9.38612e+10
308.98,3.16785e+11,5.02812e+11,6.14161e+11,7.27972e+11,5.66915e+11,9.16494e+10
309.305,3.07586e+11,4.88416e+11,5.96718e+11,7.08106e+11,5.51736e+11,8.95225e+10
309.63,2.98632e+11,4.74371e+11,5.79669e+11,6.88681e+11,5.36894e+11,8.74773e+10
309.955,2.89915e+11,4.60665e+11,5.63002e+11,6.69685e+11,5.2238e+11,8.55111e+10
310.279,2.81425e+11,4.47285e+11,5.46703e+11,6.511e+11,5.0818e+11,8.3621e+10
310.604,2.73155e+11,4.34221e+11,5.3076e+11,6.32913e+11,4.94286e+11,8.18045e+10
310.929,2.65098e+11,4.21463e+11,5.15161e+11,6.15112e+11,4.80686e+11,8.00591e+10
311.254,2.57247e+11,4.08999e+11,4.99894e+11,5.97682e+11,4.6737e+11,7.83823e+10
311.579,2.49594e+11,3.9682e+11,4.84948e+11,5.80612e+11,4.54329e+11,7.6772e+10
311.904,2.42134e+11,3.84917e+11,4.70313e+11,5.6389e+11,4.41555e+11,7.5226e+10
312.229,2.34859e+11,3.73281e+11,4.55979e+11,5.47505e+11,4.29038e+11,7.37421e+10
312.554,2.27764e+11,3.61902e+11,4.41935e+11,5.31445e+11,4.16769e+11,7.23184e+10
312.879,2.20845e+11,3.50774e+11,4.28174e+11,5.15701e+11,4.04743e+11,7.0953e+10
313.204,2.14093e+11,3.39888e+11,4.14685e+11,5.00262e+11,3.9295e+11,6.96439e+10
313.529,2.07505e+11,3.29237e+11,4.0146e+11,4.85119e+11,3.81383e+11,6.83896e+10
313.853,2.01077e+11,3.18813e+11,3.88492e+11,4.70264e+11,3.70036e+11,6.71883e+10
314.178,1.94801e+11,3.0861e+11,3.75773e+11,4.55686e+11,3.58902e+11,6.60384e+10
314.503,1.88675e+11,2.9862e+11,3.63294e+11,4.41378e+11,3.47974e+11,6.49382e+10
314.828,1.82694e+11,2.88838e+11,3.5105e+11,4.27332e+11,3.37246e+11,6.38865e+10
315.153,1.76853e+11,2.79258e+11,3.39032e+11,4.1354e+11,3.26713e+11,6.28817e+10
315.478,1.71148e+11,2.69873e+11,3.27234e+11,3.99995e+11,3.16368e+11,6.19225e+10
315.803,1.65575e+11,2.60677e+11,3.15651e+11,3.86689e+11,3.06206e+11,6.10075e+10
316.128,1.60131e+11,2.51666e+11,3.04275e+11,3.73616e+11,2.96222e+11,6.01354e+10
316.453,1.54817e+11,2.43097e+11,2.93656e+11,3.61463e+11,2.86939e+11,5.91048e+10
316.777,1.49577e+11,2.35175e+11,2.84317e+11,3.50893e+11,2.7886e+11,5.76731e+10
317.102,1.44373e+11,2.27284e+11,2.74989e+11,3.4033e+11,2.70788e+11,5.62706e+10
317.427,1.39207e+11,2.19425e+11,2.65676e+11,3.29777e+11,2.62722e+11,5.48981e+10
317.752,1.34079e+11,2.11598e+11,2.56375e+11,3.19231e+11,2.54663e+11,5.35565e+10
318.077,1.28991e+11,2.03804e+11,2.47087e+11,3.08695e+11,2.46611e+11,5.22467e+10
318.402,1.23945e+11,1.96045e+11,2.37814e+11,2.98167e+11,2.38567e+11,5.09698e+10
318.727,1.1894e+11,1.88322e+11,2.28556e+11,2.87649e+11,2.3053e+11,4.97266e+10
319.052,1.13979e+11,1.80634e+11,2.19312e+11,2.7714e+11,2.22501e+11,4.85183e+10
319.377,1.09063e+11,1.72986e+11,2.10084e+11,2.66641e+11,2.1448e+11,4.7346e+10
319.702,1.04193e+11,1.65375e+11,2.00872e+11,2.56152e+11,2.06466e+11,4.62106e+10
320.026,9.93704e+10,1.57805e+11,1.91676e+11,2.45674e+11,1.98462e+11,4.51136e+10
320.351,9.45978e+10,1.50277e+11,1.82498e+11,2.35207e+11,1.90466e+11,4.4056e+10
320.676,8.98758e+10,1.42791e+11,1.73336e+11,2.2475e+11,1.82479e+11,4.30393e+10
321.001,8.52067e+10,1.35349e+11,1.64194e+11,2.14306e+11,1.74502e+11,4.20646e+10
321.326,8.05918e+10,1.27954e+11,1.55069e+11,2.03873e+11,1.66534e+11,4.11335e+10
321.651,7.60331e+10,1.20605e+11,1.45964e+11,1.93452e+11,1.58576e+11,4.02474e+10
321.976,7.15326e+10,1.13305e+11,1.36879e+11,1.83045e+11,1.50629e+11,3.94078e+10
322.301,6.70922e+10,1.06056e+11,1.27815e+11,1.7265e+11,1.42692e+11,3.86163e+10
322.626,6.27139e+10,9.88594e+10,1.18771e+11,1.62269e+11,1.34766e+11,3.78747e+10
322.951,5.84003e+10,9.17171e+10,1.09751e+11,1.51902e+11,1.26851e+11,3.71847e+10
323.276,5.41532e+10,8.46305e+10,1.00753e+11,1.4155e+11,1.18949e+11,3.6548e+10
323.6,4.99752e+10,7.76021e+10,9.17788e+10,1.31213e+11,1.11058e+11,3.59668e+10
323.925,4.58691e+10,7.06343e+10,8.28298e+10,1.20892e+11,1.03181e+11,3.54429e+10
324.25,4.18372e+10,6.37287e+10,7.39058e+10,1.10587e+11,9.53164e+10,3.49785e+10
324.575,3.78823e+10,5.68879e+10,6.50085e+10,1.00299e+11,8.74656e+10,3.45759e+10
324.9,3.40077e+10,5.01148e+10,5.61391e+10,9.00284e+10,7.96293e+10,3.42373e+10
